투자연도,투자월,종목선정일,시장,종목명,종목코드,시가총액,종가,1개월(%),3개월(%),6개월(%),12개월(%),이번달수익률
2026,2026-08,2026-07-31,US,Adobe Inc.,ADBE,0,247.8999938964844,20.92,0.73,-15.46,-30.69,0.37
2026,2026-08,2026-07-31,US,Advanced Micro Devices,AMD,0,485.3900146484375,-16.44,36.93,105.04,175.3,1.78
2026,2026-08,2026-07-31,US,Abbott Laboratories,ABT,0,105.61000061035156,16.39,16.32,-3.38,-16.31,1.34
2026,2026-08,2026-07-31,US,AbbVie,ABBV,0,257.4100036621094,2.29,21.81,15.43,36.18,-2.33
2026,2026-08,2026-07-31,US,Agilent Technologies,A,0,138.7100067138672,4.43,20.04,3.63,20.82,1.03
2026,2026-08,2026-07-31,US,Albemarle Corporation,ALB,0,117.76000213623048,-12.79,-40.13,-30.99,73.56,0.91
2026,2026-08,2026-07-31,US,Accenture,ACN,0,163.2899932861328,31.22,-8.63,-38.06,-38.87,-0.1
2026,2026-08,2026-07-31,US,Aflac,AFL,0,127.36000061035156,8.62,12.04,14.79,28.18,-0.6
2026,2026-08,2026-07-31,US,Akamai Technologies,AKAM,0,113.75,-3.77,10.46,17.09,49.06,2.34
2026,2026-08,2026-07-31,US,Air Products,APD,0,300.20001220703125,2.39,0.05,10.17,4.28,-0.66
2026,2026-08,2026-07-31,US,AES Corporation,AES,0,14.850000381469728,1.3,2.77,1.37,12.93,0.2
2026,2026-08,2026-07-31,US,Airbnb,ABNB,0,152.0800018310547,6.28,8.35,17.55,14.86,-0.58
2026,2026-08,2026-07-31,US,A. O. Smith,AOS,0,59.810001373291016,-4.64,-3.28,-18.61,-15.51,1.0
2026,2026-08,2026-07-31,US,3M,MMM,0,176.07000732421875,8.75,20.17,14.96,17.99,0.54
2026,2026-08,2026-07-31,US,Allegion,ALLE,0,157.05999755859375,11.79,14.24,-5.04,-5.34,2.47
2026,2026-08,2026-07-31,US,Alphabet Inc. (Class A),GOOGL,0,333.6600036621094,-6.63,-13.29,-1.28,73.87,4.88
2026,2026-08,2026-07-31,US,Alexandria Real Estate Equities,ARE,0,52.4900016784668,-0.68,29.57,-3.93,-31.32,3.07
2026,2026-08,2026-07-31,US,Align Technology,ALGN,0,173.41000366210938,2.82,-1.48,6.37,34.42,2.21
2026,2026-08,2026-07-31,US,Alliant Energy,LNT,0,70.88999938964844,-7.08,-3.46,7.56,9.04,0.69
2026,2026-08,2026-07-31,US,Allstate,ALL,0,265.3800048828125,11.53,22.15,33.36,30.57,-0.53
2026,2026-08,2026-07-31,US,Amcor,AMCR,0,45.150001525878906,4.15,18.69,2.03,-3.42,2.54
2026,2026-08,2026-07-31,US,Amazon,AMZN,0,235.5,-1.19,-11.15,-1.59,0.59,4.58
2026,2026-08,2026-07-31,US,Ameren,AEE,0,108.75,-3.8,-4.31,5.3,7.53,-0.1
2026,2026-08,2026-07-31,US,Alphabet Inc. (Class C),GOOG,0,333.67999267578125,-5.56,-12.64,-1.43,73.02,4.44
2026,2026-08,2026-07-31,US,Amphenol,APH,0,159.82000732421875,-9.36,8.52,10.92,50.05,1.64
2026,2026-08,2026-07-31,US,Altria,MO,0,67.94000244140625,-5.57,-6.48,9.6,9.69,-0.1
2026,2026-08,2026-07-31,US,American Tower,AMT,0,174.4600067138672,6.66,-4.52,-2.69,-16.28,-0.21
2026,2026-08,2026-07-31,US,Amgen,AMGN,0,387.6400146484375,7.05,11.95,13.38,31.36,-1.63
2026,2026-08,2026-07-31,US,American International Group,AIG,0,78.88999938964844,5.85,5.47,5.36,1.62,0.27
2026,2026-08,2026-07-31,US,Ameriprise Financial,AMP,0,544.4600219726562,18.68,14.67,3.28,5.07,1.14
2026,2026-08,2026-07-31,US,American Water Works,AWK,0,136.80999755859375,3.97,6.53,5.95,-2.45,-2.14
2026,2026-08,2026-07-31,US,Ametek,AME,0,240.009994506836,-0.8,1.92,7.16,29.84,0.85
2026,2026-08,2026-07-31,US,American Electric Power,AEP,0,127.77999877929688,-6.6,-6.8,6.68,12.94,0.37
2026,2026-08,2026-07-31,US,Apollo Global Management,APO,0,120.25,1.64,-6.58,-10.62,-17.25,3.05
2026,2026-08,2026-07-31,US,Analog Devices,ADI,0,366.6700134277344,-7.68,-8.85,17.95,63.23,-1.51
2026,2026-08,2026-07-31,US,Aon plc,AON,0,366.5700073242188,10.52,17.62,4.84,3.05,-0.81
2026,2026-08,2026-07-31,US,American Express,AXP,0,337.5199890136719,-0.22,4.48,-4.16,12.77,2.52
2026,2026-08,2026-07-31,US,Arch Capital Group,ACGL,0,101.13999938964844,4.2,7.07,5.31,17.52,0.59
2026,2026-08,2026-07-31,US,APA Corporation,APA,0,36.33000183105469,11.54,-10.8,37.56,88.34,-1.21
2026,2026-08,2026-07-31,US,AppLovin,APP,0,403.8699951171875,-21.61,-9.52,-14.64,3.37,2.59
2026,2026-08,2026-07-31,US,Applied Materials,AMAT,0,501.7699890136719,-30.6,27.19,55.67,178.67,2.08
2026,2026-08,2026-07-31,US,Aptiv,APTV,0,58.09000015258789,-5.36,-3.6,-23.31,-15.37,1.35
2026,2026-08,2026-07-31,US,Apple Inc.,AAPL,0,333.42999267578125,15.23,22.88,28.5,60.63,-1.78
2026,2026-08,2026-07-31,US,Ares Management,ARES,0,124.12000274658205,11.51,5.72,-17.07,-33.1,8.18
2026,2026-08,2026-07-31,US,Arista Networks,ANET,0,171.02000427246094,0.67,-0.98,20.66,38.79,2.52
2026,2026-08,2026-07-31,US,Archer Daniels Midland,ADM,0,80.61000061035156,5.51,8.14,19.76,48.78,-1.53
2026,2026-08,2026-07-31,US,Assurant,AIZ,0,282.4599914550781,5.19,19.55,18.62,50.81,1.15
2026,2026-08,2026-07-31,US,Arthur J. Gallagher & Co.,AJG,0,256.4599914550781,11.71,24.25,2.84,-10.72,-0.65
2026,2026-08,2026-07-31,US,AT&T,T,0,23.209999084472656,12.13,-11.17,-11.45,-15.32,1.46
2026,2026-08,2026-07-31,US,Autodesk,ADSK,0,234.97000122070312,20.86,-0.86,-7.08,-22.48,0.22
2026,2026-08,2026-07-31,US,AutoZone,AZO,0,3006.570068359375,-5.93,-18.83,-18.84,-20.22,-0.86
2026,2026-08,2026-07-31,US,Atmos Energy,ATO,0,174.25999450683594,1.16,-8.27,4.76,11.76,0.06
2026,2026-08,2026-07-31,US,Axon Enterprise,AXON,0,525.2999877929688,-6.3,30.75,8.63,-30.47,9.12
2026,2026-08,2026-07-31,US,Automatic Data Processing,ADP,0,263.8699951171875,17.83,24.5,6.91,-14.74,1.25
2026,2026-08,2026-07-31,US,AvalonBay Communities,AVB,0,187.77999877929688,-0.48,2.61,5.69,0.81,1.71
2026,2026-08,2026-07-31,US,Avery Dennison,AVY,0,174.82000732421875,7.68,6.64,-5.76,4.2,1.5
2026,2026-08,2026-07-31,US,Baker Hughes,BKR,0,59.900001525878906,7.93,-14.02,6.89,32.96,0.53
2026,2026-08,2026-07-31,US,Baxter International,BAX,0,26.75,25.47,52.16,33.28,22.93,7.42
2026,2026-08,2026-07-31,US,Ball Corporation,BALL,0,65.30999755859375,4.66,6.93,14.84,14.06,0.39
2026,2026-08,2026-07-31,US,Bank of America,BAC,0,61.72999954223633,8.34,15.47,16.03,30.59,0.86
2026,2026-08,2026-07-31,US,Best Buy,BBY,0,87.81999969482422,15.74,45.18,34.9,34.98,-1.17
2026,2026-08,2026-07-31,US,Biogen,BIIB,0,207.92999267578125,-3.76,9.85,15.59,62.45,-0.56
2026,2026-08,2026-07-31,US,Bio-Techne,TECH,0,72.02999877929688,1.95,30.21,12.39,31.61,0.07
2026,2026-08,2026-07-31,US,"Block, Inc.",XYZ,0,82.58999633789062,8.67,17.13,36.67,6.9,1.05
2026,2026-08,2026-07-31,US,Booking Holdings,BKNG,0,193.2400054931641,8.42,14.78,-3.42,-12.23,-0.1
2026,2026-08,2026-07-31,US,Becton Dickinson,BDX,0,165.4499969482422,9.33,11.01,3.43,18.07,2.77
2026,2026-08,2026-07-31,US,BlackRock,BLK,0,1098.3699951171875,14.23,3.08,-1.84,-0.69,3.32
2026,2026-08,2026-07-31,US,Blackstone Inc.,BX,0,128.07000732421875,8.84,1.98,-10.08,-25.95,5.42
2026,2026-08,2026-07-31,US,BNY Mellon,BNY,0,156.0800018310547,7.93,16.16,30.15,53.85,-0.08
2026,2026-08,2026-07-31,US,Broadcom,AVGO,0,387.8399963378906,2.67,-7.09,17.07,32.05,0.76
2026,2026-08,2026-07-31,US,Boston Scientific,BSX,0,46.0,7.78,-20.15,-50.82,-56.16,3.64
2026,2026-08,2026-07-31,US,Broadridge Financial Solutions,BR,0,154.77000427246094,13.01,0.51,-21.48,-37.47,2.2
2026,2026-08,2026-07-31,US,Bristol Myers Squibb,BMY,0,64.86000061035156,12.57,7.05,17.82,49.76,0.24
2026,2026-08,2026-07-31,US,Brown & Brown,BRO,0,70.87000274658203,10.48,17.82,-1.71,-22.44,1.96
2026,2026-08,2026-07-31,US,Boeing,BA,0,220.8999938964844,2.05,-3.55,-5.49,-0.42,8.03
2026,2026-08,2026-07-31,US,Camden Property Trust,CPT,0,113.29000091552734,-1.05,7.87,3.89,3.75,-0.08
2026,2026-08,2026-07-31,US,"BXP, Inc.",BXP,0,71.66999816894531,8.08,22.6,10.82,9.54,0.41
2026,2026-08,2026-07-31,US,Builders FirstSource,BLDR,0,66.01000213623047,-26.23,-16.54,-42.3,-48.08,9.09
2026,2026-08,2026-07-31,US,C.H. Robinson,CHRW,0,146.9199981689453,-21.99,-19.19,-24.64,27.4,-0.49
2026,2026-08,2026-07-31,US,Carrier Global,CARR,0,61.38999938964844,-16.31,-8.61,3.04,-10.54,2.2
2026,2026-08,2026-07-31,US,Bunge Global,BG,0,105.06999969482422,-1.56,-17.31,-7.74,31.73,-0.78
2026,2026-08,2026-07-31,US,Capital One,COF,0,210.13999938964844,4.75,9.85,-4.01,-2.26,4.15
2026,2026-08,2026-07-31,US,Cadence Design Systems,CDNS,0,332.82000732421875,-11.32,0.98,12.3,-8.71,-1.14
2026,2026-08,2026-07-31,US,Carvana,CVNA,0,61.43999862670898,-6.65,-22.39,-23.41,-21.27,6.05
2026,2026-08,2026-07-31,US,Carnival Corporation,CCL,0,27.770000457763672,-2.8,4.75,-7.5,-6.72,3.34
2026,2026-08,2026-07-31,US,CBRE Group,CBRE,0,149.4600067138672,10.97,4.72,-12.25,-4.03,1.1
2026,2026-08,2026-07-31,US,Casey's,CASY,0,867.5,9.15,5.52,43.03,66.79,-1.22
2026,2026-08,2026-07-31,US,Cardinal Health,CAH,0,227.07000732421875,-4.42,17.73,5.67,46.29,2.42
2026,2026-08,2026-07-31,US,Centene Corporation,CNC,0,60.84000015258789,-5.22,13.32,40.44,133.37,2.48
2026,2026-08,2026-07-31,US,CDW Corporation,CDW,0,145.55999755859375,3.5,6.32,15.17,-16.53,-0.07
2026,2026-08,2026-07-31,US,Cboe Global Markets,CBOE,0,296.5199890136719,22.19,-1.19,11.87,23.02,-4.0
2026,2026-08,2026-07-31,US,Cencora,COR,0,312.2300109863281,10.34,1.37,-13.08,9.14,-0.95
2026,2026-08,2026-07-31,US,Caterpillar Inc.,CAT,0,809.1400146484375,-24.02,-9.1,23.09,84.73,1.87
2026,2026-08,2026-07-31,US,CenterPoint Energy,CNP,0,42.150001525878906,-4.29,-3.44,6.2,8.58,-0.29
2026,2026-08,2026-07-31,US,Chipotle Mexican Grill,CMG,0,38.52000045776367,13.29,13.33,-0.9,-10.17,0.64
2026,2026-08,2026-07-31,US,Charles River Laboratories,CRL,0,234.6199951171875,3.45,40.52,11.47,38.3,-0.71
2026,2026-08,2026-07-31,US,CF Industries,CF,0,125.7699966430664,16.17,1.26,34.9,35.48,-5.5
2026,2026-08,2026-07-31,US,Chubb Limited,CB,0,350.1499938964844,2.76,7.08,13.11,31.62,-0.7
2026,2026-08,2026-07-31,US,Charles Schwab Corporation,SCHW,0,104.33000183105467,13.07,13.85,0.39,6.75,0.6
2026,2026-08,2026-07-31,US,Charter Communications,CHTR,0,142.0,-0.15,-14.03,-31.11,-47.28,-0.61
2026,2026-08,2026-07-31,US,Church & Dwight,CHD,0,97.68000030517578,0.83,0.64,1.49,4.17,1.21
2026,2026-08,2026-07-31,US,Ciena,CIEN,0,372.0700073242188,-24.15,-29.48,47.76,300.76,3.64
2026,2026-08,2026-07-31,US,Chevron Corporation,CVX,0,192.3099975585937,16.02,-0.52,8.71,26.82,-1.85
2026,2026-08,2026-07-31,US,Cincinnati Financial,CINF,0,174.72999572753906,-5.62,6.8,8.6,18.45,0.2
2026,2026-08,2026-07-31,US,Cintas,CTAS,0,206.7899932861328,21.58,18.36,8.05,-7.08,-0.3
2026,2026-08,2026-07-31,US,CME Group,CME,0,267.2200012207031,21.01,-7.16,-7.56,-3.97,-0.6
2026,2026-08,2026-07-31,US,Citigroup,C,0,132.32000732421875,-5.46,3.39,14.35,41.22,0.85
2026,2026-08,2026-07-31,US,Cisco,CSCO,0,113.55999755859376,-3.32,24.11,44.99,66.8,-0.11
2026,2026-08,2026-07-31,US,Cigna,CI,0,287.6600036621094,4.35,-1.0,4.94,7.58,1.08
2026,2026-08,2026-07-31,US,Citizens Financial Group,CFG,0,71.7300033569336,2.37,10.27,13.89,50.31,1.47
2026,2026-08,2026-07-31,US,Coinbase,COIN,0,163.5800018310547,11.9,-12.88,-16.0,-56.7,0.16
2026,2026-08,2026-07-31,US,CMS Energy,CMS,0,72.26000213623047,-5.54,-5.84,1.08,-2.09,-0.35
2026,2026-08,2026-07-31,US,Cognizant,CTSH,0,53.900001525878906,39.17,1.89,-34.32,-24.89,-0.33
2026,2026-08,2026-07-31,US,Coherent Corp.,COHR,0,249.0599975585937,-36.86,-22.1,17.38,131.47,9.6
2026,2026-08,2026-07-31,US,Clorox,CLX,0,96.7300033569336,1.35,0.3,-14.24,-22.96,2.86
2026,2026-08,2026-07-31,US,Comcast,CMCSA,0,23.670000076293945,-3.58,-12.46,-20.44,-24.0,2.5
2026,2026-08,2026-07-31,US,Comfort Systems USA,FIX,0,1697.8399658203125,-14.33,-7.74,48.66,141.41,2.39
2026,2026-08,2026-07-31,US,Coca-Cola Company (The),KO,0,88.48999786376953,8.88,12.35,18.29,30.34,-0.83
2026,2026-08,2026-07-31,US,Colgate-Palmolive,CL,0,91.5999984741211,-0.09,7.31,1.45,9.24,-1.56
2026,2026-08,2026-07-31,US,Copart,CPRT,0,29.56999969482422,4.9,-10.69,-27.13,-34.77,0.79
2026,2026-08,2026-07-31,US,Constellation Brands,STZ,0,130.3800048828125,-6.26,-16.73,-16.8,-21.95,0.87
2026,2026-08,2026-07-31,US,Constellation Energy,CEG,0,263.5599975585937,6.12,-15.8,-6.1,-24.23,4.17
2026,2026-08,2026-07-31,US,Corning Inc.,GLW,0,135.22000122070312,-47.06,-17.67,30.96,113.82,6.07
2026,2026-08,2026-07-31,US,Corpay,CPAY,0,390.1199951171875,17.06,27.29,23.99,20.76,0.96
2026,2026-08,2026-07-31,US,Cooper Companies (The),COO,0,72.6500015258789,1.31,15.5,-10.73,2.77,2.64
2026,2026-08,2026-07-31,US,ConocoPhillips,COP,0,119.02999877929688,14.5,-5.37,14.2,24.85,-1.1
2026,2026-08,2026-07-31,US,Consolidated Edison,ED,0,109.66000366210938,-0.88,-1.64,2.84,5.95,-0.83
2026,2026-08,2026-07-31,US,Costco,COST,0,954.1699829101562,2.0,-5.95,1.48,1.55,0.23
2026,2026-08,2026-07-31,US,Corteva,CTVA,0,89.33999633789062,5.49,10.28,22.72,23.86,-3.39
2026,2026-08,2026-07-31,US,CrowdStrike,CRWD,0,185.22000122070312,-2.92,66.21,67.85,62.98,6.12
2026,2026-08,2026-07-31,US,CRH plc,CRH,0,96.0,-10.28,-18.93,-21.58,0.58,3.77
2026,2026-08,2026-07-31,US,CoStar Group,CSGP,0,29.459999084472656,4.03,-14.88,-52.1,-69.05,4.42
2026,2026-08,2026-07-31,US,CSX Corporation,CSX,0,50.18999862670898,5.6,10.48,32.92,41.22,-1.13
2026,2026-08,2026-07-31,US,Crown Castle,CCI,0,76.51000213623047,1.03,-13.82,-11.86,-27.2,0.58
2026,2026-08,2026-07-31,US,Deere & Company,DE,0,599.469970703125,-5.5,1.63,13.54,14.32,2.09
2026,2026-08,2026-07-31,US,CVS Health,CVS,0,105.22000122070312,1.71,26.33,41.2,69.44,0.9
2026,2026-08,2026-07-31,US,Dell Technologies,DELL,0,404.80999755859375,-6.18,93.74,253.73,205.08,5.83
2026,2026-08,2026-07-31,US,Cummins,CMI,0,632.97998046875,-11.25,-5.67,9.36,72.18,2.31
2026,2026-08,2026-07-31,US,Datadog,DDOG,0,268.5599975585937,3.15,103.16,107.67,91.86,2.1
2026,2026-08,2026-07-31,US,DaVita,DVA,0,238.8600006103516,7.36,53.96,118.46,70.16,-2.67
2026,2026-08,2026-07-31,US,Darden Restaurants,DRI,0,206.97000122070312,0.47,3.2,3.82,2.63,1.31
2026,2026-08,2026-07-31,US,Deckers Brands,DECK,0,99.69000244140624,0.4,-2.46,-16.47,-6.1,2.7
2026,2026-08,2026-07-31,US,Dexcom,DXCM,0,74.54000091552734,10.68,25.17,2.05,-7.71,4.63
2026,2026-08,2026-07-31,US,Digital Realty,DLR,0,193.19000244140625,7.58,-3.86,16.41,9.49,1.43
2026,2026-08,2026-07-31,US,Danaher Corporation,DHR,0,196.1699981689453,2.99,9.62,-10.38,-0.5,1.29
2026,2026-08,2026-07-31,US,Diamondback Energy,FANG,0,199.7700042724609,13.65,-2.85,21.85,34.38,-2.07
2026,2026-08,2026-07-31,US,Dollar General,DG,0,127.5,10.76,10.03,-11.11,21.54,0.53
2026,2026-08,2026-07-31,US,Delta Air Lines,DAL,0,88.58999633789062,-5.41,30.3,34.45,66.49,4.75
2026,2026-08,2026-07-31,US,Dow Inc.,DOW,0,30.09000015258789,9.98,-25.69,9.22,29.2,-1.32
2026,2026-08,2026-07-31,US,DoorDash,DASH,0,197.52999877929688,7.04,17.12,-3.46,-21.07,2.21
2026,2026-08,2026-07-31,US,Devon Energy,DVN,0,44.16999816894531,6.9,-14.02,9.85,32.96,-1.24
2026,2026-08,2026-07-31,US,Dollar Tree,DLTR,0,128.57000732421875,6.3,32.4,9.34,13.23,1.68
2026,2026-08,2026-07-31,US,Domino's,DPZ,0,352.25,18.99,3.78,-14.15,-23.95,4.88
2026,2026-08,2026-07-31,US,Dominion Energy,D,0,69.7300033569336,2.11,8.11,15.89,19.3,-0.61
2026,2026-08,2026-07-31,US,Dover Corporation,DOV,0,204.0599975585937,-9.02,-9.87,1.28,12.65,0.54
2026,2026-08,2026-07-31,US,D. R. Horton,DHI,0,145.52999877929688,-10.65,-5.41,-2.22,1.88,2.52
2026,2026-08,2026-07-31,US,eBay Inc.,EBAY,0,113.5199966430664,1.58,9.7,24.45,23.73,-6.03
2026,2026-08,2026-07-31,US,DuPont,DD,0,138.83999633789062,2.36,1.36,5.37,53.84,3.12
2026,2026-08,2026-07-31,US,Duke Energy,DUK,0,126.2699966430664,-0.24,-2.53,4.05,3.81,-0.92
2026,2026-08,2026-07-31,US,Electronic Arts,EA,0,209.58999633789065,2.22,3.57,2.78,37.45,0.02
2026,2026-08,2026-07-31,US,EchoStar,ECHO,0,86.12999725341797,-15.14,-30.06,-23.93,164.28,1.83
2026,2026-08,2026-07-31,US,DTE Energy,DTE,0,141.6999969482422,-7.0,-6.59,5.45,2.38,-0.11
2026,2026-08,2026-07-31,US,Eaton Corporation,ETN,0,386.8900146484375,-9.21,-10.65,10.09,0.56,5.55
2026,2026-08,2026-07-31,US,Edwards Lifesciences,EW,0,86.91999816894531,-3.91,4.1,6.83,9.6,3.2
2026,2026-08,2026-07-31,US,Emcor,EME,0,802.3699951171875,-3.31,-10.01,11.33,27.87,2.51
2026,2026-08,2026-07-31,US,Elevance Health,ELV,0,376.3999938964844,-2.67,-0.01,8.87,32.97,1.84
2026,2026-08,2026-07-31,US,Ecolab,ECL,0,279.3399963378906,0.26,7.19,-0.94,6.72,0.65
2026,2026-08,2026-07-31,US,Edison International,EIX,0,78.7300033569336,5.75,13.3,26.41,51.06,-2.6
2026,2026-08,2026-07-31,US,EQT Corporation,EQT,0,52.709999084472656,-0.87,-12.27,-8.7,-1.93,0.51
2026,2026-08,2026-07-31,US,Equinix,EQIX,0,1047.530029296875,0.49,-3.26,27.6,33.41,1.19
2026,2026-08,2026-07-31,US,EOG Resources,EOG,0,145.50999450683594,12.16,3.51,29.77,21.24,-2.02
2026,2026-08,2026-07-31,US,Emerson Electric,EMR,0,148.63999938964844,3.84,5.84,1.14,2.15,3.36
2026,2026-08,2026-07-31,US,Entergy,ETR,0,108.02999877929688,-5.95,-8.38,12.66,19.46,0.41
2026,2026-08,2026-07-31,US,Everest Group,EG,0,375.3599853515625,5.08,5.21,13.31,11.78,-0.56
2026,2026-08,2026-07-31,US,Equifax,EFX,0,176.1300048828125,10.97,1.26,-12.55,-26.68,0.86
2026,2026-08,2026-07-31,US,Equity Residential,EQR,0,67.12000274658203,-1.19,2.66,7.7,6.2,1.69
2026,2026-08,2026-07-31,US,Erie Indemnity,ERIE,0,233.6699981689453,-2.54,6.73,-17.43,-34.41,-2.14
2026,2026-08,2026-07-31,US,Estée Lauder Companies (The),EL,0,84.87999725341797,7.51,10.65,-26.37,-9.06,0.93
2026,2026-08,2026-07-31,US,Expeditors International,EXPD,0,167.00999450683594,2.47,12.93,4.03,43.68,1.61
2026,2026-08,2026-07-31,US,Expedia Group,EXPE,0,292.92999267578125,14.48,17.94,10.61,62.54,1.12
2026,2026-08,2026-07-31,US,Expand Energy,EXE,0,92.41999816894533,1.35,-9.53,-17.78,-11.8,0.67
2026,2026-08,2026-07-31,US,Essex Property Trust,ESS,0,281.8599853515625,-3.34,7.09,11.91,8.33,0.61
2026,2026-08,2026-07-31,US,Exelon,EXC,0,45.58000183105469,-2.23,-0.89,1.79,1.42,-0.41
2026,2026-08,2026-07-31,US,Evergy,EVRG,0,83.25,-3.68,0.49,8.5,17.58,0.27
2026,2026-08,2026-07-31,US,Fair Isaac,FICO,0,1139.5400390625,-4.62,11.17,-22.12,-20.68,-6.9
2026,2026-08,2026-07-31,US,"F5, Inc.",FFIV,0,388.75,-6.54,20.02,41.05,24.03,0.94
2026,2026-08,2026-07-31,US,Eversource Energy,ES,0,73.83999633789062,2.17,4.44,6.81,11.71,0.5
2026,2026-08,2026-07-31,US,FedEx Freight,FDXF,0,137.5500030517578,-8.91,0.0,0.0,0.0,-1.07
2026,2026-08,2026-07-31,US,FactSet,FDS,0,263.0299987792969,14.32,15.58,3.41,-34.72,2.46
2026,2026-08,2026-07-31,US,Extra Space Storage,EXR,0,148.2100067138672,2.0,3.4,7.42,10.31,1.14
2026,2026-08,2026-07-31,US,ExxonMobil,XOM,0,156.97000122070312,14.81,1.71,11.01,40.6,-0.24
2026,2026-08,2026-07-31,US,Fastenal,FAST,0,46.65999984741211,-2.85,3.85,7.61,1.15,0.84
2026,2026-08,2026-07-31,US,FedEx,FDX,0,308.54998779296875,-1.46,-5.06,18.82,71.33,0.6
2026,2026-08,2026-07-31,US,Fidelity National Information Services,FIS,0,46.0,18.31,-1.14,-16.74,-42.07,0.02
2026,2026-08,2026-07-31,US,Federal Realty Investment Trust,FRT,0,124.08999633789062,0.53,11.89,22.67,34.65,-0.35
2026,2026-08,2026-07-31,US,FirstEnergy,FE,0,48.709999084472656,2.46,2.5,2.89,14.05,0.25
2026,2026-08,2026-07-31,US,Fortinet,FTNT,0,154.25,0.41,82.96,89.82,54.4,0.78
2026,2026-08,2026-07-31,US,Flex Ltd.,FLEX,0,111.91000366210938,-30.95,22.24,77.52,124.4,3.25
2026,2026-08,2026-07-31,US,Fiserv,FISV,0,54.06999969482422,10.23,-13.7,-15.16,-61.08,0.76
2026,2026-08,2026-07-31,US,Fortive,FTV,0,58.47999954223633,-4.27,-2.19,10.74,22.01,0.42
2026,2026-08,2026-07-31,US,Fifth Third Bancorp,FITB,0,56.59000015258789,0.39,11.49,12.68,36.13,0.71
2026,2026-08,2026-07-31,US,First Solar,FSLR,0,206.009994506836,-12.69,2.04,-8.65,17.9,10.28
2026,2026-08,2026-07-31,US,Freeport-McMoRan,FCX,0,63.43999862670898,0.87,9.8,5.33,57.65,1.61
2026,2026-08,2026-07-31,US,Fox Corporation (Class A),FOXA,0,58.81999969482422,12.77,-7.36,-19.18,5.49,0.81
2026,2026-08,2026-07-31,US,Ford Motor Company,F,0,14.859999656677246,6.91,23.01,7.06,34.24,-1.7
2026,2026-08,2026-07-31,US,GE HealthCare,GEHC,0,69.94000244140625,9.26,14.96,-11.43,-1.93,2.51
2026,2026-08,2026-07-31,US,Gartner,IT,0,152.9199981689453,17.98,2.98,-27.05,-54.84,0.34
2026,2026-08,2026-07-31,US,GE Vernova,GEV,0,981.97998046875,-16.42,-9.37,35.19,48.72,1.66
2026,2026-08,2026-07-31,US,Franklin Resources,BEN,0,33.16999816894531,-0.3,10.68,24.61,38.21,4.08
2026,2026-08,2026-07-31,US,Fox Corporation (Class B),FOX,0,52.34000015258789,11.74,-8.21,-20.18,2.35,1.31
2026,2026-08,2026-07-31,US,Garmin,GRMN,0,297.54998779296875,25.26,18.48,47.56,36.02,3.74
2026,2026-08,2026-07-31,US,General Dynamics,GD,0,382.2000122070313,7.89,11.01,8.86,22.65,-0.26
2026,2026-08,2026-07-31,US,General Motors,GM,0,88.4000015258789,14.69,14.97,5.24,65.73,-1.33
2026,2026-08,2026-07-31,US,Gen Digital,GEN,0,27.290000915527344,9.64,41.47,13.76,-7.46,2.62
2026,2026-08,2026-07-31,US,Generac,GNRC,0,191.9100036621093,-34.46,-25.97,14.2,-1.43,2.08
2026,2026-08,2026-07-31,US,GE Aerospace,GE,0,355.0400085449219,-5.0,22.46,15.73,30.97,2.46
2026,2026-08,2026-07-31,US,Gilead Sciences,GILD,0,131.27999877929688,3.91,0.34,-7.52,16.91,0.72
2026,2026-08,2026-07-31,US,General Mills,GIS,0,36.41999816894531,4.66,3.14,-21.27,-25.64,0.7
2026,2026-08,2026-07-31,US,Global Payments,GPN,0,86.83999633789062,19.68,20.68,21.05,8.62,2.51
2026,2026-08,2026-07-31,US,Genuine Parts Company,GPC,0,124.83000183105467,5.81,16.41,-10.19,-3.14,3.34
2026,2026-08,2026-07-31,US,Henry Schein,HSIC,0,85.16999816894531,1.98,14.18,12.84,25.9,0.89
2026,2026-08,2026-07-31,US,GoDaddy,GDDY,0,99.33000183105467,17.02,14.45,-1.18,-38.53,6.9
2026,2026-08,2026-07-31,US,Globe Life,GL,0,182.97999572753903,2.41,18.59,30.49,30.26,1.01
2026,2026-08,2026-07-31,US,HCA Healthcare,HCA,0,395.7900085449219,1.51,-8.9,-18.94,11.81,1.0
2026,2026-08,2026-07-31,US,Hartford (The),HIG,0,143.0500030517578,7.95,4.56,5.92,15.0,0.7
2026,2026-08,2026-07-31,US,Goldman Sachs,GS,0,1024.8599853515625,1.33,10.94,9.56,41.64,0.85
2026,2026-08,2026-07-31,US,Honeywell Aerospace,HONA,0,204.32000732421875,-7.58,0.0,0.0,0.0,0.74
2026,2026-08,2026-07-31,US,Halliburton,HAL,0,31.63999938964844,-6.8,-25.2,-5.61,41.25,-1.12
2026,2026-08,2026-07-31,US,Hewlett Packard Enterprise,HPE,0,47.13999938964844,4.5,63.85,119.05,127.84,4.89
2026,2026-08,2026-07-31,US,Home Depot (The),HD,0,333.3500061035156,-5.48,1.38,-11.01,-9.29,2.43
2026,2026-08,2026-07-31,US,Hasbro,HAS,0,94.52999877929688,14.46,-1.37,5.84,25.77,-2.63
2026,2026-08,2026-07-31,US,Hilton Worldwide,HLT,0,322.0199890136719,-2.55,-0.63,7.88,20.12,-1.92
2026,2026-08,2026-07-31,US,Healthpeak Properties,DOC,0,22.059999465942383,3.08,36.43,27.96,30.22,-0.87
2026,2026-08,2026-07-31,US,Hershey Company (The),HSY,0,177.22999572753906,1.01,-4.58,-9.0,-4.78,1.5
2026,2026-08,2026-07-31,US,Honeywell Technologies,HON,0,241.9100036621093,8.04,7.62,1.38,10.07,1.53
2026,2026-08,2026-07-31,US,Huntington Ingalls Industries,HII,0,319.8999938964844,14.29,-12.19,-23.93,14.72,-0.15
2026,2026-08,2026-07-31,US,Howmet Aerospace,HWM,0,277.2799987792969,3.13,14.09,33.26,54.24,1.45
2026,2026-08,2026-07-31,US,Hormel Foods,HRL,0,25.3700008392334,2.22,18.16,3.09,-9.68,0.88
2026,2026-08,2026-07-31,US,Hubbell Incorporated,HUBB,0,473.6900024414063,-9.46,-6.79,-2.92,8.28,0.74
2026,2026-08,2026-07-31,US,Host Hotels & Resorts,HST,0,25.09000015258789,5.82,18.74,35.4,59.61,-0.16
2026,2026-08,2026-07-31,US,Humana,HUM,0,366.6600036621094,-7.69,55.08,87.84,46.74,2.92
2026,2026-08,2026-07-31,US,HP Inc.,HPQ,0,26.86000061035156,22.42,28.76,38.17,8.31,-0.55
2026,2026-08,2026-07-31,US,Huntington Bancshares,HBAN,0,17.079999923706055,-3.67,1.91,-2.29,3.96,1.88
2026,2026-08,2026-07-31,US,IBM,IBM,0,221.7400054931641,-21.15,-4.0,-27.7,-12.41,1.19
2026,2026-08,2026-07-31,US,Idexx Laboratories,IDXX,0,558.7999877929688,6.15,-0.36,-16.65,4.58,1.57
2026,2026-08,2026-07-31,US,Incyte,INCY,0,122.98999786376952,8.5,29.1,22.9,64.23,-0.91
2026,2026-08,2026-07-31,US,Insulet Corporation,PODD,0,165.67999267578125,8.82,-3.75,-35.23,-42.55,2.63
2026,2026-08,2026-07-31,US,Interactive Brokers,IBKR,0,90.4800033569336,3.95,13.81,20.83,38.01,-0.27
2026,2026-08,2026-07-31,US,Illinois Tool Works,ITW,0,283.70001220703125,4.89,9.96,8.59,10.83,0.54
2026,2026-08,2026-07-31,US,Intuitive Surgical,ISRG,0,352.9700012207031,-11.24,-22.87,-30.0,-26.63,6.25
2026,2026-08,2026-07-31,US,Intel,INTC,0,91.12999725341795,-34.73,-3.55,96.11,360.25,0.89
2026,2026-08,2026-07-31,US,IDEX Corporation,IEX,0,233.7700042724609,3.01,7.31,17.74,42.97,0.98
2026,2026-08,2026-07-31,US,International Flavors & Fragrances,IFF,0,79.4800033569336,0.33,13.22,13.85,11.9,1.72
2026,2026-08,2026-07-31,US,Intercontinental Exchange,ICE,0,156.27000427246094,26.94,-1.15,-10.08,-15.45,-0.45
2026,2026-08,2026-07-31,US,Invesco,IVZ,0,29.420000076293945,11.48,12.25,7.81,40.03,4.43
2026,2026-08,2026-07-31,US,Ingersoll Rand,IR,0,84.31999969482422,2.84,5.58,-2.06,-0.37,5.28
2026,2026-08,2026-07-31,US,Intuit,INTU,0,315.5,20.88,-18.79,-36.76,-59.82,0.73
2026,2026-08,2026-07-31,US,Invitation Homes,INVH,0,29.670000076293945,-1.79,3.13,11.0,-3.2,2.59
2026,2026-08,2026-07-31,US,Iron Mountain,IRM,0,124.63999938964844,-1.32,-1.07,35.29,28.02,1.44
2026,2026-08,2026-07-31,US,International Paper,IP,0,43.150001525878906,13.25,41.85,7.02,-7.68,1.52
2026,2026-08,2026-07-31,US,IQVIA,IQV,0,237.7899932861328,23.07,50.15,3.32,27.94,-0.71
2026,2026-08,2026-07-31,US,Jabil,JBL,0,308.5199890136719,-19.96,-8.58,30.07,38.24,1.06
2026,2026-08,2026-07-31,US,Jacobs Solutions,J,0,132.75,5.36,2.58,-1.86,-6.43,2.81
2026,2026-08,2026-07-31,US,Johnson Controls,JCI,0,143.8800048828125,-1.53,-1.47,20.64,37.03,-0.18
2026,2026-08,2026-07-31,US,J.B. Hunt,JBHT,0,269.2099914550781,-6.99,7.03,32.8,86.89,-1.78
2026,2026-08,2026-07-31,US,Jack Henry & Associates,JKHY,0,154.24000549316406,11.98,0.32,-13.93,-9.17,1.62
2026,2026-08,2026-07-31,US,Keurig Dr Pepper,KDP,0,31.56999969482422,-3.54,7.38,15.05,-3.31,-0.67
2026,2026-08,2026-07-31,US,JPMorgan Chase,JPM,0,350.8500061035156,7.19,12.01,14.7,18.43,0.24
2026,2026-08,2026-07-31,US,KeyCorp,KEY,0,22.61000061035156,-1.91,2.26,5.07,26.17,0.97
2026,2026-08,2026-07-31,US,Johnson & Johnson,JNJ,0,255.82000732421875,0.73,11.3,12.57,55.29,-0.76
2026,2026-08,2026-07-31,US,Keysight Technologies,KEYS,0,312.69000244140625,-10.68,-10.64,44.54,90.77,0.88
2026,2026-08,2026-07-31,US,Kinder Morgan,KMI,0,31.65999984741211,-0.97,-3.68,3.84,12.83,-2.42
2026,2026-08,2026-07-31,US,Kenvue,KVUE,0,19.309999465942383,1.05,10.15,10.98,-9.93,-1.2
2026,2026-08,2026-07-31,US,KKR & Co.,KKR,0,100.9800033569336,10.02,-3.22,-11.62,-31.11,5.06
2026,2026-08,2026-07-31,US,Kraft Heinz,KHC,0,26.3799991607666,11.69,16.42,11.12,-3.93,2.21
2026,2026-08,2026-07-31,US,Kimco Realty,KIM,0,25.51000022888184,0.63,7.91,21.02,20.16,-0.27
2026,2026-08,2026-07-31,US,Kroger,KR,0,57.86000061035156,4.2,-15.0,-7.94,-17.46,0.83
2026,2026-08,2026-07-31,US,KLA Corporation,KLAC,0,180.3300018310547,-40.23,3.03,26.29,105.15,-0.04
2026,2026-08,2026-07-31,US,Las Vegas Sands,LVS,0,49.869998931884766,7.97,-8.68,-5.42,-4.83,-3.29
2026,2026-08,2026-07-31,US,Lam Research,LRCX,0,297.7200012207031,-31.29,15.46,27.53,213.92,0.54
2026,2026-08,2026-07-31,US,Leidos,LDOS,0,112.41000366210938,9.17,-24.67,-40.3,-29.59,2.7
2026,2026-08,2026-07-31,US,Lennar,LEN,0,83.75,-7.45,-7.25,-23.41,-25.34,3.46
2026,2026-08,2026-07-31,US,L3Harris,LHX,0,271.8999938964844,-6.43,-15.18,-20.69,-1.06,0.29
2026,2026-08,2026-07-31,US,Kimberly-Clark,KMB,0,110.19000244140624,0.38,11.95,10.2,-11.58,-1.6
2026,2026-08,2026-07-31,US,Lilly (Eli),LLY,0,1154.969970703125,-3.71,23.58,11.36,56.06,-2.39
2026,2026-08,2026-07-31,US,Linde plc,LIN,0,508.6400146484375,-1.98,1.5,11.31,10.51,0.43
2026,2026-08,2026-07-31,US,Lennox International,LII,0,417.4500122070313,-27.14,-21.96,-15.68,-31.45,4.6
2026,2026-08,2026-07-31,US,Labcorp,LH,0,315.5299987792969,12.69,22.87,16.21,21.32,-0.58
2026,2026-08,2026-07-31,US,Live Nation Entertainment,LYV,0,183.5599975585937,0.25,16.22,26.2,24.28,4.34
2026,2026-08,2026-07-31,US,Lowe's,LOW,0,210.0800018310547,-4.72,-12.02,-21.34,-6.03,2.05
2026,2026-08,2026-07-31,US,Lumentum,LITE,0,693.239990234375,-19.21,-23.17,76.92,529.76,9.24
2026,2026-08,2026-07-31,US,Loews Corporation,L,0,116.37000274658205,2.79,3.34,10.23,28.53,0.21
2026,2026-08,2026-07-31,US,Lululemon Athletica,LULU,0,119.4800033569336,4.64,-13.23,-31.53,-40.42,4.04
2026,2026-08,2026-07-31,US,LyondellBasell,LYB,0,60.43999862670898,14.8,-18.98,23.35,4.33,-2.35
2026,2026-08,2026-07-31,US,Lockheed Martin,LMT,0,574.1099853515625,12.69,10.84,-9.48,36.37,0.61
2026,2026-08,2026-07-31,US,Marathon Petroleum,MPC,0,314.0799865722656,22.85,26.5,78.26,84.55,-2.98
2026,2026-08,2026-07-31,US,M&T Bank,MTB,0,247.0,3.78,12.98,11.48,30.9,1.3
2026,2026-08,2026-07-31,US,Marvell Technology,MRVL,0,183.3000030517578,-38.47,10.99,132.26,128.07,3.31
2026,2026-08,2026-07-31,US,Mastercard,MA,0,577.3499755859375,12.41,14.8,7.16,1.92,-0.37
2026,2026-08,2026-07-31,US,Martin Marietta Materials,MLM,0,540.0,-6.36,-12.77,-17.17,-6.07,3.26
2026,2026-08,2026-07-31,US,Marsh McLennan,MRSH,0,191.509994506836,14.9,14.19,1.76,-3.86,1.66
2026,2026-08,2026-07-31,US,Marriott International,MAR,0,375.4800109863281,1.32,3.81,19.09,42.32,-6.97
2026,2026-08,2026-07-31,US,Masco,MAS,0,72.11000061035156,-11.38,0.4,9.11,5.84,4.55
2026,2026-08,2026-07-31,US,McDonald's,MCD,0,268.44000244140625,-0.69,-8.57,-14.78,-10.54,-2.0
2026,2026-08,2026-07-31,US,MetLife,MET,0,97.06999969482422,14.73,21.19,23.06,27.81,0.19
2026,2026-08,2026-07-31,US,McKesson Corporation,MCK,0,865.510009765625,14.55,6.17,4.13,24.8,-3.39
2026,2026-08,2026-07-31,US,MGM Resorts,MGM,0,45.65999984741211,-4.5,17.26,36.14,25.27,-0.16
2026,2026-08,2026-07-31,US,Meta Platforms,META,0,539.030029296875,-4.31,-11.91,-24.77,-30.31,6.02
2026,2026-08,2026-07-31,US,McCormick & Company,MKC,0,50.959999084472656,1.07,0.24,-17.58,-27.85,1.22
2026,2026-08,2026-07-31,US,Mettler Toledo,MTD,0,1380.6099853515625,8.07,8.15,0.54,11.91,2.03
2026,2026-08,2026-07-31,US,Medtronic,MDT,0,85.70999908447266,9.56,5.85,-16.75,-5.02,1.51
2026,2026-08,2026-07-31,US,Microsoft,MSFT,0,451.1000061035156,20.93,10.62,4.84,-15.45,4.93
2026,2026-08,2026-07-31,US,Merck & Co.,MRK,0,129.7899932861328,1.0,18.88,17.7,66.14,-1.87
2026,2026-08,2026-07-31,US,Microchip Technology,MCHP,0,75.01000213623047,-17.75,-19.27,-1.2,10.98,1.25
2026,2026-08,2026-07-31,US,Monolithic Power Systems,MPWR,0,1316.1800537109375,-4.79,-18.47,17.08,85.05,-5.73
2026,2026-08,2026-07-31,US,Mondelez International,MDLZ,0,63.08000183105469,9.06,2.67,7.88,-2.49,-0.93
2026,2026-08,2026-07-31,US,Monster Beverage,MNST,0,97.6500015258789,1.59,26.7,20.91,66.21,-2.94
2026,2026-08,2026-07-31,US,Morgan Stanley,MS,0,210.0599975585937,0.49,10.22,14.91,47.45,0.38
2026,2026-08,2026-07-31,US,Micron Technology,MU,0,874.6599731445312,-24.23,69.13,110.82,701.41,0.79
2026,2026-08,2026-07-31,US,Mid-America Apartment Communities,MAA,0,133.32000732421875,-4.04,3.2,-0.73,-6.4,0.85
2026,2026-08,2026-07-31,US,Moody's Corporation,MCO,0,482.260009765625,6.48,4.42,-6.46,-6.49,1.04
2026,2026-08,2026-07-31,US,Moderna,MRNA,0,57.91999816894531,-17.29,26.08,31.43,95.94,0.58
2026,2026-08,2026-07-31,US,Molson Coors Beverage Company,TAP,0,41.54999923706055,6.65,-2.78,-13.51,-14.72,0.87
2026,2026-08,2026-07-31,US,Netflix,NFLX,0,73.16999816894531,2.48,-21.84,-12.36,-36.89,2.26
2026,2026-08,2026-07-31,US,News Corp (Class A),NWSA,0,28.09000015258789,13.13,6.72,3.92,-4.2,1.38
2026,2026-08,2026-07-31,US,NetApp,NTAP,0,173.97999572753906,12.42,57.06,80.57,67.08,2.48
2026,2026-08,2026-07-31,US,"Nasdaq, Inc.",NDAQ,0,95.16000366210938,20.73,3.54,-1.79,-1.1,-0.05
2026,2026-08,2026-07-31,US,MSCI Inc.,MSCI,0,575.739990234375,2.8,-2.65,-5.5,2.56,0.38
2026,2026-08,2026-07-31,US,Newmont,NEM,0,95.76000213623048,2.53,-13.8,-14.77,54.2,1.77
2026,2026-08,2026-07-31,US,Mosaic Company (The),MOS,0,22.770000457763672,7.46,-2.15,-17.2,-36.77,-1.4
2026,2026-08,2026-07-31,US,"Nike, Inc.",NKE,0,42.290000915527344,3.02,-4.67,-31.58,-43.38,2.23
2026,2026-08,2026-07-31,US,News Corp (Class B),NWS,0,31.799999237060547,13.33,4.33,2.25,-4.85,1.66
2026,2026-08,2026-07-31,US,NiSource,NI,0,45.06999969482422,-5.22,-6.65,1.76,6.17,0.23
2026,2026-08,2026-07-31,US,Motorola Solutions,MSI,0,430.8200073242188,3.74,-1.87,7.03,-1.86,0.33
2026,2026-08,2026-07-31,US,NextEra Energy,NEE,0,87.93000030517578,0.18,-10.17,0.03,23.74,-0.43
2026,2026-08,2026-07-31,US,Nordson Corporation,NDSN,0,295.2300109863281,-2.14,2.35,7.54,37.82,1.63
2026,2026-08,2026-07-31,US,Northrop Grumman,NOC,0,534.8499755859375,5.01,-7.7,-22.74,-7.24,1.1
2026,2026-08,2026-07-31,US,Norfolk Southern,NSC,0,333.92999267578125,6.15,5.73,14.66,20.12,0.35
2026,2026-08,2026-07-31,US,"NVR, Inc.",NVR,0,6288.68017578125,-7.7,-0.43,-17.64,-16.7,0.93
2026,2026-08,2026-07-31,US,NRG Energy,NRG,0,133.97000122070312,-8.28,-13.89,-12.23,-19.87,3.11
2026,2026-08,2026-07-31,US,Nucor,NUE,0,257.0400085449219,15.39,14.09,44.63,79.66,1.55
2026,2026-08,2026-07-31,US,Northern Trust,NTRS,0,182.509994506836,4.99,9.72,22.14,40.39,0.01
2026,2026-08,2026-07-31,US,Norwegian Cruise Line Holdings,NCLH,0,18.71999931335449,-11.32,2.97,-14.75,-26.76,6.64
2026,2026-08,2026-07-31,US,O’Reilly Automotive,ORLY,0,87.36000061035156,-5.14,-12.11,-11.23,-11.15,0.46
2026,2026-08,2026-07-31,US,Nvidia,NVDA,0,195.0399932861328,-2.52,-2.27,2.05,9.65,2.93
2026,2026-08,2026-07-31,US,Occidental Petroleum,OXY,0,55.95000076293945,15.19,-7.64,23.27,27.33,-2.8
2026,2026-08,2026-07-31,US,NXP Semiconductors,NXPI,0,245.1600036621093,-12.76,-16.5,8.41,14.68,-2.18
2026,2026-08,2026-07-31,US,Old Dominion,ODFL,0,212.47000122070312,-1.91,0.02,22.67,42.36,-0.29
2026,2026-08,2026-07-31,US,ON Semiconductor,ON,0,83.73999786376953,-11.42,-16.93,39.82,48.58,-1.48
2026,2026-08,2026-07-31,US,Omnicom Group,OMC,0,79.61000061035156,9.31,3.77,3.34,10.49,0.72
2026,2026-08,2026-07-31,US,Oneok,OKE,0,89.06999969482422,2.45,-3.67,12.48,8.48,-2.83
2026,2026-08,2026-07-31,US,Packaging Corporation of America,PKG,0,248.6300048828125,4.34,16.48,11.72,28.33,2.14
2026,2026-08,2026-07-31,US,Palantir Technologies,PLTR,0,122.26000213623048,4.79,-12.11,-16.6,-22.79,2.1
2026,2026-08,2026-07-31,US,Otis Worldwide,OTIS,0,71.69000244140625,0.13,-7.95,-16.07,-16.34,0.33
2026,2026-08,2026-07-31,US,Paramount Skydance Corporation,PSKY,0,7.809999942779541,-20.79,-23.73,-30.33,-37.87,3.27
2026,2026-08,2026-07-31,US,Paccar,PCAR,0,133.75999450683594,11.36,12.59,8.83,35.44,-0.47
2026,2026-08,2026-07-31,US,Parker Hannifin,PH,0,962.7899780273438,-1.57,5.87,2.88,31.55,2.15
2026,2026-08,2026-07-31,US,Palo Alto Networks,PANW,0,325.67999267578125,-4.5,81.62,84.03,87.6,4.61
2026,2026-08,2026-07-31,US,Philip Morris International,PM,0,192.0,6.13,16.31,7.0,17.04,-1.79
2026,2026-08,2026-07-31,US,PayPal,PYPL,0,57.650001525878906,33.51,14.98,9.41,-16.16,1.15
2026,2026-08,2026-07-31,US,Paychex,PAYX,0,116.33000183105467,18.31,25.59,12.8,-19.4,0.71
2026,2026-08,2026-07-31,US,Pentair,PNR,0,66.16999816894531,-13.68,-18.02,-37.2,-35.25,2.49
2026,2026-08,2026-07-31,US,PepsiCo,PEP,0,140.1999969482422,3.55,-11.54,-8.74,1.65,0.05
2026,2026-08,2026-07-31,US,Phillips 66,PSX,0,210.6000061035156,24.58,17.56,46.7,70.42,-2.59
2026,2026-08,2026-07-31,US,PNC Financial Services,PNC,0,248.7100067138672,1.01,11.53,11.38,30.71,0.74
2026,2026-08,2026-07-31,US,Pinnacle West Capital,PNW,0,101.31999969482422,-5.31,-2.31,8.29,11.81,-0.18
2026,2026-08,2026-07-31,US,PPG Industries,PPG,0,112.02999877929688,-7.63,3.25,-3.11,6.19,3.16
2026,2026-08,2026-07-31,US,Pfizer,PFE,0,24.90999984741211,3.45,-6.7,-5.79,6.96,0.08
2026,2026-08,2026-07-31,US,PPL Corporation,PPL,0,35.560001373291016,-2.17,-5.02,-1.9,-0.36,-0.03
2026,2026-08,2026-07-31,US,PG&E Corporation,PCG,0,17.780000686645508,5.71,6.98,15.3,26.82,0.29
2026,2026-08,2026-07-31,US,Progressive Corporation,PGR,0,213.27999877929688,-2.37,5.96,2.54,-11.88,-0.45
2026,2026-08,2026-07-31,US,Prudential Financial,PRU,0,122.7699966430664,13.75,25.14,10.49,18.53,0.74
2026,2026-08,2026-07-31,US,Prologis,PLD,0,146.19000244140625,7.91,2.94,11.97,36.91,-0.32
2026,2026-08,2026-07-31,US,Principal Financial Group,PFG,0,113.9499969482422,5.72,12.92,20.3,46.41,1.26
2026,2026-08,2026-07-31,US,Quanta Services,PWR,0,657.97998046875,-8.62,-9.59,38.63,62.01,1.92
2026,2026-08,2026-07-31,US,Public Service Enterprise Group,PEG,0,77.55000305175781,-4.45,-5.03,-5.84,-13.63,-0.08
2026,2026-08,2026-07-31,US,Public Storage,PSA,0,317.45001220703125,-0.27,4.96,14.94,16.74,0.53
2026,2026-08,2026-07-31,US,Qnity Electronics,Q,0,130.52000427246094,-20.08,-7.21,35.7,0.0,1.62
2026,2026-08,2026-07-31,US,PTC Inc.,PTC,0,136.3000030517578,19.97,0.0,-12.7,-36.55,1.94
2026,2026-08,2026-07-31,US,Ralph Lauren Corporation,RL,0,385.9100036621094,-3.86,7.6,9.2,29.17,-0.04
2026,2026-08,2026-07-31,US,Procter & Gamble,PG,0,143.9600067138672,-1.83,-2.13,-5.15,-4.33,0.33
2026,2026-08,2026-07-31,US,Quest Diagnostics,DGX,0,234.3000030517578,10.54,20.65,25.27,39.96,-0.45
2026,2026-08,2026-07-31,US,PulteGroup,PHM,0,128.74000549316406,-6.17,5.21,2.92,14.01,2.23
2026,2026-08,2026-07-31,US,Regency Centers,REG,0,80.36000061035156,0.78,3.22,10.28,12.55,0.01
2026,2026-08,2026-07-31,US,Regeneron Pharmaceuticals,REGN,0,738.3400268554688,18.41,4.42,-0.42,35.36,-0.44
2026,2026-08,2026-07-31,US,Raymond James Financial,RJF,0,174.97000122070312,15.09,10.52,5.49,4.69,0.97
2026,2026-08,2026-07-31,US,Robinhood Markets,HOOD,0,86.5999984741211,-13.64,18.81,-12.95,-15.96,4.37
2026,2026-08,2026-07-31,US,Qualcomm,QCOM,0,151.60000610351562,-17.96,-15.58,0.01,3.3,2.68
2026,2026-08,2026-07-31,US,ResMed,RMD,0,208.5599975585937,7.02,-2.46,-19.26,-23.31,2.0
2026,2026-08,2026-07-31,US,Regions Financial Corporation,RF,0,30.850000381469727,2.15,8.06,8.25,21.79,1.71
2026,2026-08,2026-07-31,US,Realty Income,O,0,64.43000030517578,3.99,0.3,5.35,14.79,-0.61
2026,2026-08,2026-07-31,US,Salesforce,CRM,0,180.7100067138672,15.35,2.37,-14.88,-30.05,1.05
2026,2026-08,2026-07-31,US,Ross Stores,ROST,0,252.57000732421875,18.66,10.88,33.88,84.98,0.73
2026,2026-08,2026-07-31,US,Revvity,RVTY,0,113.54000091552734,2.05,31.08,4.36,29.17,2.4
2026,2026-08,2026-07-31,US,Rockwell Automation,ROK,0,471.010009765625,-4.86,15.19,11.71,33.92,0.19
2026,2026-08,2026-07-31,US,Royal Caribbean Group,RCL,0,321.94000244140625,1.39,22.06,-0.83,1.28,1.79
2026,2026-08,2026-07-31,US,SBA Communications,SBAC,0,181.8999938964844,3.08,-17.77,-1.2,-19.05,-0.8
2026,2026-08,2026-07-31,US,"Rollins, Inc.",ROL,0,38.34999847412109,-8.12,-31.19,-39.45,-33.04,0.58
2026,2026-08,2026-07-31,US,Seagate Technology,STX,0,851.6799926757812,-11.74,26.43,108.9,442.44,-2.93
2026,2026-08,2026-07-31,US,Roper Technologies,ROP,0,389.25,15.03,9.71,4.85,-29.28,0.15
2026,2026-08,2026-07-31,US,Skyworks Solutions,SWKS,0,62.47999954223633,-7.85,-10.96,12.05,-8.84,-1.59
2026,2026-08,2026-07-31,US,ServiceNow,NOW,0,110.06999969482422,10.87,24.64,-5.93,-41.65,2.66
2026,2026-08,2026-07-31,US,Sempra,SRE,0,89.58000183105469,-3.38,-5.82,2.95,9.67,-0.93
2026,2026-08,2026-07-31,US,Simon Property Group,SPG,0,230.44000244140625,3.04,13.12,20.45,40.69,-0.09
2026,2026-08,2026-07-31,US,Schlumberger,SLB,0,48.90999984741211,5.21,-14.01,1.1,44.7,-0.56
2026,2026-08,2026-07-31,US,Sherwin-Williams,SHW,0,344.8399963378906,0.15,7.22,-2.76,4.22,3.92
2026,2026-08,2026-07-31,US,Snap-on,SNA,0,409.0499877929688,1.65,6.69,11.73,27.35,-0.24
2026,2026-08,2026-07-31,US,Starbucks,SBUX,0,105.8499984741211,3.58,0.49,15.12,18.72,-1.79
2026,2026-08,2026-07-31,US,Steel Dynamics,STLD,0,252.5,10.04,10.43,40.61,97.95,2.83
2026,2026-08,2026-07-31,US,Southwest Airlines,LUV,0,45.59999847412109,-11.32,20.25,-4.04,47.43,4.67
2026,2026-08,2026-07-31,US,Steris,STE,0,231.2100067138672,9.8,6.61,-11.95,2.08,1.86
2026,2026-08,2026-07-31,US,Supermicro,SMCI,0,27.729999542236328,-5.46,1.2,-4.74,-52.98,0.85
2026,2026-08,2026-07-31,US,S&P Global,SPGI,0,415.0,7.71,1.72,-16.89,-20.4,1.05
2026,2026-08,2026-07-31,US,Synchrony Financial,SYF,0,77.16999816894531,1.47,1.27,6.25,10.77,2.7
2026,2026-08,2026-07-31,US,Stryker Corporation,SYK,0,348.0400085449219,10.55,10.44,-5.82,-11.38,4.76
2026,2026-08,2026-07-31,US,Synopsys,SNPS,0,372.3299865722656,-16.53,-22.85,-19.95,-41.22,0.85
2026,2026-08,2026-07-31,US,Sysco,SYY,0,84.70999908447266,1.35,13.39,1.03,6.42,-0.31
2026,2026-08,2026-07-31,US,Take-Two Interactive,TTWO,0,247.42999267578125,-1.02,15.75,12.32,11.09,0.92
2026,2026-08,2026-07-31,US,Oracle Corporation,ORCL,0,127.55999755859376,-12.96,-20.96,-22.49,-49.73,9.22
2026,2026-08,2026-07-31,US,"Tapestry, Inc.",TPR,0,152.5800018310547,4.24,5.2,20.23,41.24,2.14
2026,2026-08,2026-07-31,US,Teledyne Technologies,TDY,0,649.1799926757812,-2.66,0.52,4.66,17.81,2.29
2026,2026-08,2026-07-31,US,Target Corporation,TGT,0,144.50999450683594,10.64,11.38,37.02,43.79,3.36
2026,2026-08,2026-07-31,US,RTX Corporation,RTX,0,214.3800048828125,12.99,21.76,6.69,36.05,0.66
2026,2026-08,2026-07-31,US,Republic Services,RSG,0,211.3300018310547,-0.82,1.01,-1.75,-8.38,-0.44
2026,2026-08,2026-07-31,US,TKO Group Holdings,TKO,0,183.8099975585937,-8.69,-1.23,-9.27,9.4,1.16
2026,2026-08,2026-07-31,US,Sandisk,SNDK,0,1279.9599609375,-43.71,16.73,122.12,2882.2,6.03
2026,2026-08,2026-07-31,US,Tractor Supply,TSCO,0,30.209999084472656,-4.43,-13.93,-40.63,-46.95,4.35
2026,2026-08,2026-07-31,US,J.M. Smucker Company (The),SJM,0,122.20999908447266,8.63,24.67,16.55,13.85,-1.48
2026,2026-08,2026-07-31,US,Smurfit Westrock,SW,0,47.52000045776367,2.72,23.78,14.15,7.08,1.98
2026,2026-08,2026-07-31,US,Solventum,SOLV,0,86.81999969482422,12.53,28.89,12.8,21.66,3.08
2026,2026-08,2026-07-31,US,Southern Company,SO,0,94.33999633789062,-1.43,-2.44,5.63,-0.15,-1.69
2026,2026-08,2026-07-31,US,TransDigm Group,TDG,0,1249.9100341796875,-6.17,7.75,-12.44,-22.29,2.49
2026,2026-08,2026-07-31,US,Stanley Black & Decker,SWK,0,95.5500030517578,1.52,22.25,21.47,41.24,3.73
2026,2026-08,2026-07-31,US,Travelers Companies (The),TRV,0,375.989990234375,13.89,23.22,32.15,44.48,-0.14
2026,2026-08,2026-07-31,US,State Street Corporation,STT,0,182.82000732421875,7.79,19.62,39.71,63.6,-0.27
2026,2026-08,2026-07-31,US,Trimble Inc.,TRMB,0,57.060001373291016,11.49,-15.24,-15.59,-31.98,2.14
2026,2026-08,2026-07-31,US,Tyler Technologies,TYL,0,323.3099975585937,10.55,-5.23,-12.48,-44.69,-1.31
2026,2026-08,2026-07-31,US,Tyson Foods,TSN,0,60.650001525878906,5.94,-5.34,-7.16,15.97,2.85
2026,2026-08,2026-07-31,US,Truist Financial,TFC,0,52.0099983215332,4.4,0.99,1.15,18.99,0.15
2026,2026-08,2026-07-31,US,"UDR, Inc.",UDR,0,38.29999923706055,-4.06,5.39,3.1,-2.52,1.39
2026,2026-08,2026-07-31,US,U.S. Bancorp,USB,0,62.900001525878906,4.14,11.01,12.1,39.9,1.48
2026,2026-08,2026-07-31,US,Uber,UBER,0,70.37000274658203,-2.48,-5.68,-12.09,-19.81,1.78
2026,2026-08,2026-07-31,US,Ulta Beauty,ULTA,0,516.72998046875,14.58,-3.86,-20.18,0.33,4.21
2026,2026-08,2026-07-31,US,"Tesla, Inc.",TSLA,0,308.8500061035156,-26.57,-19.07,-28.24,0.19,3.49
2026,2026-08,2026-07-31,US,T-Mobile US,TMUS,0,173.33999633789062,3.34,-11.34,-12.1,-27.29,2.54
2026,2026-08,2026-07-31,US,Targa Resources,TRGP,0,268.3399963378906,0.07,3.18,33.52,61.25,-2.13
2026,2026-08,2026-07-31,US,Teradyne,TER,0,365.489990234375,-24.46,6.41,51.62,240.21,-0.51
2026,2026-08,2026-07-31,US,United Rentals,URI,0,1068.6300048828125,-5.67,11.33,36.64,21.03,3.4
2026,2026-08,2026-07-31,US,TE Connectivity,TEL,0,206.5800018310547,2.47,-2.4,-7.27,0.4,-0.35
2026,2026-08,2026-07-31,US,T. Rowe Price,TROW,0,119.27999877929688,4.92,15.94,12.87,17.58,1.57
2026,2026-08,2026-07-31,US,Texas Instruments,TXN,0,278.760009765625,-6.48,-0.83,29.32,53.96,-2.43
2026,2026-08,2026-07-31,US,United Airlines Holdings,UAL,0,123.55999755859376,-9.14,37.29,20.76,39.92,5.82
2026,2026-08,2026-07-31,US,United Parcel Service,UPS,0,105.2699966430664,-2.07,-3.24,-0.89,22.18,2.54
2026,2026-08,2026-07-31,US,Thermo Fisher Scientific,TMO,0,576.77001953125,15.04,20.42,-0.32,23.33,-0.05
2026,2026-08,2026-07-31,US,Texas Pacific Land Corporation,TPL,0,394.25,-9.91,-11.14,13.17,22.17,0.89
2026,2026-08,2026-07-31,US,Textron,TXT,0,87.08999633789062,-5.06,-9.24,-1.1,11.98,1.33
2026,2026-08,2026-07-31,US,UnitedHealth Group,UNH,0,421.4700012207031,1.41,13.76,46.89,68.89,0.23
2026,2026-08,2026-07-31,US,Veeva Systems,VEEV,0,201.5599975585937,13.57,29.23,-1.16,-29.08,1.21
2026,2026-08,2026-07-31,US,TJX Companies,TJX,0,159.25999450683594,5.12,1.6,6.31,27.89,0.1
2026,2026-08,2026-07-31,US,Universal Health Services,UHS,0,163.2899932861328,9.82,-2.96,-18.87,-1.9,0.36
2026,2026-08,2026-07-31,US,Veralto,VLTO,0,94.70999908447266,6.8,7.38,-4.31,-9.65,0.69
2026,2026-08,2026-07-31,US,Ventas,VTR,0,91.91999816894533,3.51,4.62,18.35,36.83,-2.84
2026,2026-08,2026-07-31,US,Valero Energy,VLO,0,311.7099914550781,19.69,23.41,71.81,127.01,-1.71
2026,2026-08,2026-07-31,US,Vertex Pharmaceuticals,VRTX,0,481.7000122070313,-3.03,12.71,2.51,5.43,-1.34
2026,2026-08,2026-07-31,US,Vertiv,VRT,0,227.5,-32.05,-30.74,22.19,56.25,8.89
2026,2026-08,2026-07-31,US,Verisk Analytics,VRSK,0,200.3500061035156,11.6,8.6,-7.87,-28.12,-0.89
2026,2026-08,2026-07-31,US,Vici Properties,VICI,0,26.309999465942383,-0.9,-9.9,-6.3,-19.29,0.72
2026,2026-08,2026-07-31,US,Visa Inc.,V,0,366.2699890136719,6.76,11.04,13.81,6.02,-0.13
2026,2026-08,2026-07-31,US,Warner Bros. Discovery,WBD,0,25.46999931335449,-4.46,-5.84,-7.52,93.39,-0.8
2026,2026-08,2026-07-31,US,Vulcan Materials Company,VMC,0,271.239990234375,-8.06,-10.11,-9.75,-1.25,5.59
2026,2026-08,2026-07-31,US,Vistra Corp.,VST,0,148.6199951171875,-6.31,-5.84,-6.14,-28.73,5.23
2026,2026-08,2026-07-31,US,W. W. Grainger,GWW,0,1355.489990234375,-0.36,16.72,25.52,30.39,-0.79
2026,2026-08,2026-07-31,US,Waste Management,WM,0,226.3300018310547,1.55,-2.67,1.84,-1.23,-0.05
2026,2026-08,2026-07-31,US,Walmart,WMT,0,111.0999984741211,-1.91,-15.79,-6.75,13.39,-0.44
2026,2026-08,2026-07-31,US,Wells Fargo,WFC,0,85.43000030517578,3.38,3.89,-5.59,5.95,1.67
2026,2026-08,2026-07-31,US,Welltower,WELL,0,235.6300048828125,3.82,8.42,25.1,42.75,-0.57
2026,2026-08,2026-07-31,US,West Pharmaceutical Services,WST,0,339.5899963378906,-5.41,14.11,46.93,41.93,2.05
2026,2026-08,2026-07-31,US,Western Digital,WDC,0,533.0399780273438,-16.55,22.67,113.02,577.39,-3.23
2026,2026-08,2026-07-31,US,"Williams-Sonoma, Inc.",WSM,0,233.32000732421875,0.09,28.76,14.01,24.74,4.87
2026,2026-08,2026-07-31,US,Williams Companies,WMB,0,70.91000366210938,-4.61,-7.08,5.43,18.28,-1.55
2026,2026-08,2026-07-31,US,Xylem Inc.,XYL,0,116.81999969482422,-1.18,-1.13,-15.27,-19.22,1.8
2026,2026-08,2026-07-31,US,Trade Desk (The),TTD,0,18.280000686645508,1.11,-22.51,-39.73,-78.98,1.44
2026,2026-08,2026-07-31,US,Trane Technologies,TT,0,440.2799987792969,-10.36,-10.61,4.68,0.5,1.38
2026,2026-08,2026-07-31,US,Union Pacific Corporation,UNP,0,289.4599914550781,6.42,7.41,23.12,30.41,-0.31
2026,2026-08,2026-07-31,US,Verisign,VRSN,0,286.5799865722656,13.92,6.67,17.34,6.59,3.06
2026,2026-08,2026-07-31,US,Verizon,VZ,0,46.11000061035156,8.9,-4.0,3.57,7.83,1.17
2026,2026-08,2026-07-31,US,Viatris,VTRS,0,17.760000228881836,11.84,18.88,35.68,103.2,0.4
2026,2026-08,2026-07-31,US,Wabtec,WAB,0,292.4599914550781,8.48,8.36,27.08,52.28,1.93
2026,2026-08,2026-07-31,US,W. R. Berkley Corporation,WRB,0,73.37999725341797,4.04,9.8,7.0,6.64,-0.62
2026,2026-08,2026-07-31,US,Waters Corporation,WAT,0,380.2999877929688,1.4,22.98,2.58,31.7,-0.68
2026,2026-08,2026-07-31,US,Walt Disney Company (The),DIS,0,96.16000366210938,-0.09,-7.32,-14.75,-19.27,2.03
2026,2026-08,2026-07-31,US,WEC Energy Group,WEC,0,110.0500030517578,-5.75,-6.69,-0.56,0.89,-0.13
2026,2026-08,2026-07-31,US,Willis Towers Watson,WTW,0,336.04998779296875,28.57,31.17,5.85,6.41,1.7
2026,2026-08,2026-07-31,US,"Workday, Inc.",WDAY,0,158.11000061035156,29.15,29.17,-9.98,-31.07,2.94
2026,2026-08,2026-07-31,US,Weyerhaeuser,WY,0,23.5,-1.84,-4.16,-8.84,-6.19,0.8
2026,2026-08,2026-07-31,US,Wynn Resorts,WYNN,0,100.6999969482422,3.72,-5.98,-6.28,-7.64,-0.96
2026,2026-08,2026-07-31,US,Zebra Technologies,ZBRA,0,288.57000732421875,9.61,27.54,22.81,-14.88,-0.74
2026,2026-08,2026-07-31,US,Zimmer Biomet,ZBH,0,94.95999908447266,10.3,15.2,9.06,3.61,3.25
2026,2026-08,2026-07-31,US,Yum! Brands,YUM,0,157.0,-1.79,-1.66,0.96,8.91,-2.92
2026,2026-08,2026-07-31,US,Xcel Energy,XEL,0,78.2300033569336,-2.58,-5.69,2.85,6.52,-0.65
2026,2026-08,2026-07-31,US,Zoetis,ZTS,0,76.02999877929688,5.8,-33.87,-39.09,-47.85,-0.25
