투자연도,투자월,종목선정일,종목코드,종목명,시장,1개월(%),3개월(%),6개월(%),12개월(%),시가총액,종가,거래량,이번달수익률
2026,2026-08,2026-07-31,005930,삼성전자,KOSPI,-21.41,19.05,63.55,267.65,1534648134600000,262500,57883859,4.57
2026,2026-08,2026-07-31,000660,SK하이닉스,KOSPI,-35.17,33.59,89.0,528.15,1254985883070000,1718000,10347350,-4.25
2026,2026-08,2026-07-31,005935,삼성전자우,KOSPI,-9.91,20.66,62.69,231.6,153252899773000,191000,8631032,2.41
2026,2026-08,2026-07-31,402340,SK스퀘어,KOSPI,-38.83,23.42,82.11,582.45,136972804668000,1038000,1033476,11.18
2026,2026-08,2026-07-31,009150,삼성전기,KOSPI,-47.71,37.26,309.32,667.99,85300200832000,1142000,609413,36.43
2026,2026-08,2026-07-31,005380,현대차,KOSPI,-21.62,-26.93,-22.4,82.16,79446013208000,388000,1081364,16.75
2026,2026-08,2026-07-31,373220,LG에너지솔루션,KOSPI,-9.39,-28.77,-17.59,-14.25,76752000000000,328000,491853,12.65
2026,2026-08,2026-07-31,207940,삼성바이오로직스,KOSPI,6.76,1.02,-14.9,-5.44,68742062235000,1485000,90690,4.24
2026,2026-08,2026-07-31,032830,삼성생명,KOSPI,-22.32,24.85,65.43,147.42,62300000000000,311500,561661,-3.37
2026,2026-08,2026-07-31,105560,KB금융,KOSPI,5.97,4.98,24.63,51.94,59764883179000,168500,1508057,0.0
2026,2026-08,2026-07-31,028260,삼성물산,KOSPI,-24.97,17.76,16.58,108.61,57001904721500,351500,1203507,4.98
2026,2026-08,2026-07-31,000270,기아,KOSPI,-4.42,-13.11,-13.56,28.93,51495474436200,131900,1427024,7.43
2026,2026-08,2026-07-31,329180,HD현대중공업,KOSPI,-18.75,-29.78,-16.35,-1.94,50486349225000,481000,281791,6.03
2026,2026-08,2026-07-31,012450,한화에어로스페이스,KOSPI,-7.84,-35.29,-29.46,-7.93,47283638717000,917000,259060,26.5
2026,2026-08,2026-07-31,055550,신한지주,KOSPI,5.11,0.8,19.45,48.09,47273639067300,100700,1708280,6.65
2026,2026-08,2026-07-31,068270,셀트리온,KOSPI,7.73,-2.31,-6.73,9.49,43417776910200,186700,1127709,7.66
2026,2026-08,2026-07-31,012330,현대모비스,KOSPI,-4.8,12.0,6.01,61.63,43188709508000,476000,354581,14.92
2026,2026-08,2026-07-31,034020,두산에너빌리티,KOSPI,-22.7,-47.21,-25.94,2.29,42981652896600,67100,3208797,23.1
2026,2026-08,2026-07-31,034730,SK,KOSPI,-33.21,31.06,67.02,174.38,40384005571000,557000,412913,5.03
2026,2026-08,2026-07-31,086790,하나금융지주,KOSPI,9.42,-1.95,25.27,46.84,34405715599200,125400,1043600,6.06
2026,2026-08,2026-07-31,035420,NAVER,KOSPI,4.52,-1.42,-24.36,-11.49,32644402336000,208000,1766586,9.62
2026,2026-08,2026-07-31,006400,삼성SDI,KOSPI,-18.48,-42.88,1.79,97.51,31992455410000,397000,675830,29.97
2026,2026-08,2026-07-31,000810,삼성화재,KOSPI,2.27,37.09,26.15,43.47,28217202936000,632000,133128,-2.69
2026,2026-08,2026-07-31,010120,LS ELECTRIC,KOSPI,-22.35,-33.53,63.25,197.58,27720000000000,184800,1724011,11.74
2026,2026-08,2026-07-31,009540,HD한국조선해양,KOSPI,9.86,-16.68,-7.01,7.1,27212263102000,384500,268507,0.39
2026,2026-08,2026-07-31,066570,LG전자,KOSPI,-20.15,15.05,63.57,109.43,26403599819800,162100,1754895,32.63
2026,2026-08,2026-07-31,042660,한화오션,KOSPI,-15.05,-35.36,-38.48,-24.13,26106421168800,85200,1877179,12.44
2026,2026-08,2026-07-31,005490,POSCO홀딩스,KOSPI,-1.42,-32.36,-10.07,1.3,24762977187500,312500,428776,6.88
2026,2026-08,2026-07-31,267260,HD현대일렉트릭,KOSPI,-29.63,-45.37,-23.06,36.53,24656240340000,684000,252144,17.4
2026,2026-08,2026-07-31,316140,우리금융지주,KOSPI,15.86,0.75,11.07,36.03,24463813315200,33600,2865859,0.3
2026,2026-08,2026-07-31,298040,효성중공업,KOSPI,-29.7,-38.22,-7.15,97.15,22537432516000,2417000,103972,22.22
2026,2026-08,2026-07-31,015760,한국전력,KOSPI,-5.95,-20.09,-40.31,-9.73,22340349879600,34800,1777947,-4.45
2026,2026-08,2026-07-31,010130,고려아연,KOSPI,-7.5,-36.73,-46.97,24.88,20852096031000,999000,25517,19.72
2026,2026-08,2026-07-31,138040,메리츠금융지주,KOSPI,17.42,11.01,6.35,7.08,20751061852000,124000,327452,-5.89
2026,2026-08,2026-07-31,042700,한미반도체,KOSPI,-16.37,-41.71,1.66,133.41,20444466900000,214500,2174359,6.76
2026,2026-08,2026-07-31,011200,HMM,KOSPI,12.57,2.2,4.75,-10.66,19760835471500,20950,1487003,1.43
2026,2026-08,2026-07-31,006800,미래에셋증권,KOSPI,-19.18,-46.68,-18.83,81.78,19333035704000,34550,3037574,8.97
2026,2026-08,2026-07-31,000150,두산,KOSPI,-21.32,-26.69,37.49,94.68,18946786950000,1170000,134767,9.06
2026,2026-08,2026-07-31,010140,삼성중공업,KOSPI,-8.37,-34.0,-27.5,12.13,18788000000000,21350,4806652,4.45
2026,2026-08,2026-07-31,096770,SK이노베이션,KOSPI,16.44,-24.42,-1.34,2.41,18680333074000,110500,1833201,16.47
2026,2026-08,2026-07-31,033780,KT&G,KOSPI,5.54,0.45,16.37,37.03,18592452669600,179100,502679,-1.73
2026,2026-08,2026-07-31,051910,LG화학,KOSPI,-7.86,-35.01,-16.91,-14.43,18212824494000,258000,307583,8.72
2026,2026-08,2026-07-31,017670,SK텔레콤,KOSPI,-7.92,-14.41,12.28,45.1,17483910314200,81400,1372869,23.46
2026,2026-08,2026-07-31,035720,카카오,KOSPI,8.25,-20.93,-39.09,-35.52,16567492018000,37400,3018884,6.95
2026,2026-08,2026-07-31,024110,기업은행,KOSPI,3.77,-8.63,-6.77,6.33,16466844194850,20650,1691274,-1.21
2026,2026-08,2026-07-31,018260,삼성에스디에스,KOSPI,7.97,23.95,19.01,28.99,15939826800000,206000,446173,18.2
2026,2026-08,2026-07-31,267250,HD현대,KOSPI,0.05,-35.72,-14.7,39.97,15767019766000,199600,201677,17.99
2026,2026-08,2026-07-31,079550,LIG디펜스앤에어로스페이스,KOSPI,-2.78,-25.72,45.17,11.31,15378000000000,699000,121888,16.6
2026,2026-08,2026-07-31,003550,LG,KOSPI,3.91,2.02,10.25,27.65,15285511604400,101100,592066,18.69
2026,2026-08,2026-07-31,086280,현대글로비스,KOSPI,9.23,-11.89,-17.36,35.59,15000000000000,200000,217299,5.5
2026,2026-08,2026-07-31,064350,현대로템,KOSPI,-22.72,-50.2,-42.0,-33.81,14592324574100,133700,871568,9.87
2026,2026-08,2026-07-31,010950,S-Oil,KOSPI,19.64,-5.35,20.21,103.03,14331789421600,127300,468753,15.95
2026,2026-08,2026-07-31,030200,KT,KOSPI,-1.89,-14.78,-8.79,-5.98,13079925451500,51900,489587,2.89
2026,2026-08,2026-07-31,047810,한국항공우주,KOSPI,-13.05,-24.67,-24.36,34.71,12408581121100,127300,736956,15.0
2026,2026-08,2026-07-31,003670,포스코퓨처엠,KOSPI,-21.58,-45.36,-38.39,-3.37,12247894494000,137700,415736,23.82
2026,2026-08,2026-07-31,011070,LG이노텍,KOSPI,-47.6,-10.3,109.8,228.43,12164892998000,514000,537129,27.24
2026,2026-08,2026-07-31,278470,에이피알,KOSPI,-16.99,-24.62,18.52,74.2,11980209600000,320000,207195,22.03
2026,2026-08,2026-07-31,272210,한화시스템,KOSPI,-14.38,-46.72,-33.65,5.22,11807461812500,62500,837168,28.48
2026,2026-08,2026-07-31,071050,한국금융지주,KOSPI,-6.56,-13.96,-4.18,44.41,11507417348000,206500,277001,-1.21
2026,2026-08,2026-07-31,259960,크래프톤,KOSPI,2.97,-8.3,-4.33,-26.03,11211493419000,243000,186034,-2.06
2026,2026-08,2026-07-31,323410,카카오뱅크,KOSPI,5.74,-9.24,-3.49,-21.35,10544361657700,22100,970532,0.45
2026,2026-08,2026-07-31,000720,현대건설,KOSPI,-17.16,-41.53,-7.8,40.15,10534255369000,94600,1275483,22.41
2026,2026-08,2026-07-31,005940,NH투자증권,KOSPI,-3.06,-15.3,5.36,41.09,10522373992500,28500,1030776,0.88
2026,2026-08,2026-07-31,005830,DB손해보험,KOSPI,17.25,-6.32,10.1,22.66,10283554793000,157000,293523,12.61
2026,2026-08,2026-07-31,307950,현대오토에버,KOSPI,-31.23,-19.09,-21.02,136.53,9996041439000,364500,131204,34.29
2026,2026-08,2026-07-31,003490,대한항공,KOSPI,-5.99,5.5,11.16,9.28,9536915119900,25900,2550799,1.54
2026,2026-08,2026-07-31,0126Z0,삼성에피스홀딩스,KOSPI,-12.79,-30.94,-38.12,0.0,9331143375000,375000,48049,15.6
2026,2026-08,2026-07-31,047050,포스코인터내셔널,KOSPI,6.21,-40.21,-16.35,6.97,9183169533600,52200,671132,2.11
2026,2026-08,2026-07-31,016360,삼성증권,KOSPI,-8.02,-7.16,10.15,40.96,8912140000000,99800,491497,-6.81
2026,2026-08,2026-07-31,003230,삼양식품,KOSPI,4.38,-12.9,-1.02,-19.0,8798561520000,1168000,77378,8.73
2026,2026-08,2026-07-31,028050,삼성E&A,KOSPI,-7.98,-17.51,42.21,65.28,8584800000000,43800,1847659,13.7
2026,2026-08,2026-07-31,161390,한국타이어앤테크놀로지,KOSPI,9.21,14.19,6.46,52.08,8373954664400,67600,366179,5.92
2026,2026-08,2026-07-31,006260,LS,KOSPI,-26.95,-41.06,16.59,54.07,8330400000000,267000,193549,21.16
2026,2026-08,2026-07-31,078930,GS,KOSPI,34.24,8.67,29.55,80.53,8267699055000,89000,871059,31.46
2026,2026-08,2026-07-31,443060,HD현대마린솔루션,KOSPI,-18.04,-30.7,0.33,-10.02,8249356640000,184000,171393,6.96
2026,2026-08,2026-07-31,039490,키움증권,KOSPI,-14.43,-26.26,-33.82,36.19,7698010746000,293500,126320,2.39
2026,2026-08,2026-07-31,090430,아모레퍼시픽,KOSPI,22.99,-3.92,-6.34,-3.49,7604058670000,130000,662975,4.38
2026,2026-08,2026-07-31,180640,한진칼,KOSPI,-5.34,-0.89,-1.06,2.29,7457346564300,111700,107711,7.43
2026,2026-08,2026-07-31,352820,하이브,KOSPI,-12.13,-35.82,-54.87,-34.95,7276433916800,168800,487267,6.28
2026,2026-08,2026-07-31,005387,현대차2우B,KOSPI,-6.73,-18.95,-25.83,21.67,7027749930000,201000,185790,5.97
2026,2026-08,2026-07-31,021240,코웨이,KOSPI,1.33,6.27,9.71,-15.98,6475219479000,91500,222957,7.32
2026,2026-08,2026-07-31,032640,LG유플러스,KOSPI,5.57,-6.69,-7.63,1.03,6273041878960,14780,1299649,1.89
2026,2026-08,2026-07-31,326030,SK바이오팜,KOSPI,-8.78,-20.92,-33.05,-19.96,6186746750000,79000,142190,10.51
2026,2026-08,2026-07-31,064400,LG씨엔에스,KOSPI,-20.69,-3.85,-10.33,-11.1,6055371750000,62500,1385632,27.84
2026,2026-08,2026-07-31,267270,HD건설기계,KOSPI,0.08,-32.08,15.43,34.88,5985444935300,124900,266056,10.97
2026,2026-08,2026-07-31,000880,한화,KOSPI,-15.95,-37.18,-26.81,-16.03,5908563612200,83800,0,0.0
2026,2026-08,2026-07-31,000100,유한양행,KOSPI,4.7,-19.76,-31.94,-37.76,5854098673500,73500,321744,13.88
2026,2026-08,2026-07-31,377300,카카오페이,KOSPI,3.78,-23.52,-32.81,-33.54,5762507325000,42600,186816,5.99
2026,2026-08,2026-07-31,241560,두산밥캣,KOSPI,-3.08,-16.94,1.7,7.94,5732192687000,59800,156309,10.54
2026,2026-08,2026-07-31,007660,이수페타시스,KOSPI,-35.44,-50.43,-36.6,14.62,5468986815500,74500,1231888,28.32
2026,2026-08,2026-07-31,029780,삼성카드,KOSPI,-1.98,-11.82,-17.25,-5.62,5445367877000,47000,181555,3.3
2026,2026-08,2026-07-31,047040,대우건설,KOSPI,-32.17,-63.49,157.14,240.8,5251399613640,12780,9574457,40.92
2026,2026-08,2026-07-31,271560,오리온,KOSPI,-0.08,-8.22,12.17,18.42,5209894258400,131800,125498,1.67
2026,2026-08,2026-07-31,036570,NC,KOSPI,-8.93,-13.31,0.0,21.06,5052073159000,234500,80304,5.54
2026,2026-08,2026-07-31,175330,JB금융지주,KOSPI,6.65,-3.11,5.17,14.5,4933502244800,26450,390142,5.86
2026,2026-08,2026-07-31,088980,맥쿼리인프라,KOSPI,-0.69,-10.93,-9.65,-14.32,4841901349230,10110,1725891,-4.15
2026,2026-08,2026-07-31,353200,대덕전자,KOSPI,-36.98,-14.18,52.92,305.02,4783558340000,96800,1434106,23.04
2026,2026-08,2026-07-31,138930,BNK금융지주,KOSPI,-11.03,-19.01,-8.67,3.98,4707661090610,15170,1493667,-0.26
2026,2026-08,2026-07-31,005385,현대차우,KOSPI,-8.02,-19.84,-24.68,23.67,4658855616000,199600,121645,5.71
2026,2026-08,2026-07-31,034220,LG디스플레이,KOSPI,-20.12,-24.88,-21.08,-15.04,4605000000000,9210,8958541,11.51
2026,2026-08,2026-07-31,001440,대한전선,KOSPI,-31.56,-58.79,-21.09,47.49,4547028227200,23200,3949682,29.09
2026,2026-08,2026-07-31,062040,산일전기,KOSPI,-39.96,-46.17,-2.92,21.15,4384189720000,143200,292392,27.44
2026,2026-08,2026-07-31,009830,한화솔루션,KOSPI,-24.89,-46.68,-2.22,-11.94,4383259668000,25500,3262401,38.82
2026,2026-08,2026-07-31,051900,LG생활건강,KOSPI,25.05,12.99,9.33,-9.18,4297975101000,287000,152275,7.14
2026,2026-08,2026-07-31,128940,한미약품,KOSPI,-16.1,-27.5,-31.1,19.32,4272465498500,333500,102400,19.49
2026,2026-08,2026-07-31,000500,가온전선,KOSPI,-42.53,0.0,175.69,280.32,3996154859400,134200,436905,24.52
2026,2026-08,2026-07-31,004170,신세계,KOSPI,-43.97,3.93,32.39,146.22,3995311563000,423000,141168,0.95
2026,2026-08,2026-07-31,454910,두산로보틱스,KOSPI,-31.78,-44.1,-46.01,1.99,3992910768000,61600,901054,28.57
2026,2026-08,2026-07-31,111770,영원무역,KOSPI,23.14,7.84,-1.65,47.77,3961445239200,89400,92434,-3.91
2026,2026-08,2026-07-31,088350,한화생명,KOSPI,-2.64,-9.52,26.83,27.01,3838902600000,4420,2296290,27.38
2026,2026-08,2026-07-31,001040,CJ,KOSPI,-16.35,-42.36,-40.51,-16.62,3775503541200,129400,131137,6.72
2026,2026-08,2026-07-31,000990,DB하이텍,KOSPI,-42.37,-47.57,-21.46,81.84,3615231262800,83100,849510,23.71
2026,2026-08,2026-07-31,011790,SKC,KOSPI,-32.27,-38.81,-34.4,-24.1,3580997115600,72200,374122,24.38
2026,2026-08,2026-07-31,010060,OCI홀딩스,KOSPI,-11.28,-48.29,64.9,102.88,3552945149600,190300,329660,46.61
2026,2026-08,2026-07-31,004020,현대제철,KOSPI,-6.23,-38.07,-15.68,-26.19,3516296434750,26350,560890,13.47
2026,2026-08,2026-07-31,052690,한전기술,KOSPI,-17.52,-52.81,-32.27,-3.58,3401580000000,89000,258312,13.48
2026,2026-08,2026-07-31,018880,한온시스템,KOSPI,-13.82,-21.87,0.92,8.43,3391797734360,3305,12396124,15.58
2026,2026-08,2026-07-31,002380,KCC,KOSPI,-20.25,-30.09,-20.65,4.86,3334043648000,388000,27538,19.97
2026,2026-08,2026-07-31,023530,롯데쇼핑,KOSPI,-30.88,-13.3,39.64,63.37,3318270961500,117300,138389,-12.28
2026,2026-08,2026-07-31,001450,현대해상,KOSPI,10.33,26.48,36.59,46.2,3277795212500,38450,540377,17.95
2026,2026-08,2026-07-31,082740,한화엔진,KOSPI,-23.43,-55.62,-28.22,12.7,3258610895100,39050,2292966,25.61
2026,2026-08,2026-07-31,036460,한국가스공사,KOSPI,7.82,-11.89,-14.2,-19.79,3180182850000,34450,139815,6.24
2026,2026-08,2026-07-31,035250,강원랜드,KOSPI,2.8,-14.53,-15.71,-21.35,3144925350000,14700,507126,-0.75
2026,2026-08,2026-07-31,251270,넷마블,KOSPI,2.54,-22.86,-27.46,-35.74,3138094069300,38300,163875,2.09
2026,2026-08,2026-07-31,383220,F&F,KOSPI,4.27,20.33,10.12,15.16,3083719537500,80500,102716,-16.77
2026,2026-08,2026-07-31,031210,서울보증보험,KOSPI,3.49,-10.15,-13.93,6.05,2998837634100,42950,49983,4.54
2026,2026-08,2026-07-31,066970,엘앤에프,KOSPI,-34.26,-62.43,-41.96,4.27,2982082958000,73300,296711,49.66
2026,2026-08,2026-07-31,022100,포스코DX,KOSPI,-11.04,-44.81,-50.17,-19.58,2928188880540,19260,398355,12.93
2026,2026-08,2026-07-31,028670,팬오션,KOSPI,15.52,-1.26,16.38,29.93,2924095230640,5470,8308824,5.85
2026,2026-08,2026-07-31,097950,CJ제일제당,KOSPI,3.4,-22.35,-10.35,-23.9,2881371200400,191400,53671,-3.13
2026,2026-08,2026-07-31,011780,금호석유화학,KOSPI,0.97,-21.96,-20.61,-6.46,2877997980000,114400,92720,14.16
2026,2026-08,2026-07-31,483650,달바글로벌,KOSPI,-4.54,-2.21,37.27,9.68,2761155215000,221000,278132,3.39
2026,2026-08,2026-07-31,012750,에스원,KOSPI,-0.14,-17.31,-10.55,-4.04,2705541473600,71200,94434,9.13
2026,2026-08,2026-07-31,139130,iM금융지주,KOSPI,0.83,-11.26,9.35,22.21,2684259765600,16950,748031,3.07
2026,2026-08,2026-07-31,302440,SK바이오사이언스,KOSPI,-5.31,-21.37,-33.23,-26.01,2655754319050,33850,89991,11.23
2026,2026-08,2026-07-31,017800,현대엘리베이터,KOSPI,-4.5,-31.21,-28.07,-20.4,2654372941500,67900,173763,6.77
2026,2026-08,2026-07-31,069960,현대백화점,KOSPI,-38.67,9.09,26.79,68.03,2561911545600,118800,132674,-13.97
2026,2026-08,2026-07-31,026960,동서,KOSPI,8.05,-4.49,-1.92,-14.43,2542350000000,25500,64145,3.14
2026,2026-08,2026-07-31,009970,영원무역홀딩스,KOSPI,17.72,-7.69,-7.25,36.07,2487132864000,192000,23185,-1.35
2026,2026-08,2026-07-31,103590,일진전기,KOSPI,-31.85,-57.55,-22.39,22.21,2479640280000,52000,579922,42.88
2026,2026-08,2026-07-31,005850,에스엘,KOSPI,-6.7,-15.9,-4.34,58.38,2457126708000,52900,59615,16.45
2026,2026-08,2026-07-31,008930,한미사이언스,KOSPI,18.91,-4.91,-15.65,-29.29,2451837067500,35850,145839,23.57
2026,2026-08,2026-07-31,003690,코리안리,KOSPI,3.69,11.5,16.99,29.17,2433448596870,13770,384308,11.04
2026,2026-08,2026-07-31,004800,효성,KOSPI,-17.57,-36.62,-5.43,66.09,2418988811500,144500,46217,17.44
2026,2026-08,2026-07-31,011170,롯데케미칼,KOSPI,-11.72,-50.4,-32.25,-15.04,2416811173500,56500,140688,1.24
2026,2026-08,2026-07-31,081660,미스토홀딩스,KOSPI,8.93,11.21,-3.83,25.59,2397096576000,45150,125459,-5.87
2026,2026-08,2026-07-31,000240,한국앤컴퍼니,KOSPI,5.27,0.0,-7.42,3.31,2368634238000,24950,112707,5.21
2026,2026-08,2026-07-31,007340,DN오토모티브,KOSPI,5.63,-16.02,60.44,39.14,2360913402750,40350,236942,45.97
2026,2026-08,2026-07-31,004370,농심,KOSPI,14.16,1.46,-6.01,-1.03,2329651886000,383000,27520,14.23
2026,2026-08,2026-07-31,001720,신영증권,KOSPI,-13.29,-28.82,-20.55,9.7,2306532000000,140300,10679,18.39
2026,2026-08,2026-07-31,196170,알테오젠,KOSDAQ,-14.54,-16.28,-25.3,-32.05,16531386815500,308500,350320,32.28
2026,2026-08,2026-07-31,086520,에코프로,KOSDAQ,-25.8,-48.27,-51.32,60.45,10739893623200,79100,1339406,18.33
2026,2026-08,2026-07-31,247540,에코프로비엠,KOSDAQ,-27.37,-49.76,-55.39,-6.84,10125449919000,103500,497654,12.75
2026,2026-08,2026-07-31,277810,레인보우로보틱스,KOSDAQ,-16.57,-34.79,-40.52,56.32,8400138514000,433000,266975,15.7
2026,2026-08,2026-07-31,036930,주성엔지니어링,KOSDAQ,-38.06,-1.19,201.09,356.88,5786899564500,124500,2460953,42.81
2026,2026-08,2026-07-31,058470,리노공업,KOSDAQ,-23.69,-46.27,-39.47,34.38,4885179585000,64100,1016063,10.45
2026,2026-08,2026-07-31,240810,원익IPS,KOSDAQ,-41.94,-16.65,-14.69,198.02,4790588737600,97600,2131726,19.47
2026,2026-08,2026-07-31,028300,HLB,KOSDAQ,-41.15,-49.67,-44.86,-36.25,4075865623800,30600,985406,41.01
2026,2026-08,2026-07-31,319660,피에스케이,KOSDAQ,-33.91,46.11,110.73,524.58,3754086134400,129600,800235,3.47
2026,2026-08,2026-07-31,298380,에이비엘바이오,KOSDAQ,-32.86,-50.45,-66.21,-9.61,3739962528400,66800,334501,25.9
2026,2026-08,2026-07-31,039030,이오테크닉스,KOSDAQ,-37.82,-36.75,-21.28,35.47,3646586800000,296000,187285,36.49
2026,2026-08,2026-07-31,214450,파마리서치,KOSDAQ,-6.75,7.97,-28.51,-39.23,3516895848000,338500,257179,17.58
2026,2026-08,2026-07-31,000250,삼천당제약,KOSDAQ,-33.81,-64.0,-68.87,-27.55,3509237811200,149600,312855,26.34
2026,2026-08,2026-07-31,141080,리가켐바이오,KOSDAQ,-41.63,-52.29,-56.9,-34.9,3239199075000,87500,322189,30.17
2026,2026-08,2026-07-31,440110,파두,KOSDAQ,-27.54,-18.93,198.35,425.27,3177039111800,63400,875402,3.31
2026,2026-08,2026-07-31,222800,심텍,KOSDAQ,-44.25,-4.71,37.02,259.65,3105759879900,82900,858373,31.12
2026,2026-08,2026-07-31,214370,케어젠,KOSDAQ,-19.3,-47.3,-55.7,11.76,2986554000000,55600,104202,11.33
2026,2026-08,2026-07-31,087010,펩트론,KOSDAQ,-30.66,-50.94,-58.17,-56.46,2979957330000,127800,182326,51.8
2026,2026-08,2026-07-31,145020,휴젤,KOSDAQ,-11.93,-7.92,-15.91,-31.01,2909777722500,232500,34721,10.11
2026,2026-08,2026-07-31,403870,HPSP,KOSDAQ,-35.93,-34.22,-25.59,28.86,2847580000000,34600,4743050,16.76
2026,2026-08,2026-07-31,095340,ISC,KOSDAQ,-28.6,-46.56,-14.0,114.21,2747138716800,129600,180201,24.46
2026,2026-08,2026-07-31,108490,로보티즈,KOSDAQ,-29.31,-41.93,-45.7,130.45,2694696946400,183800,286608,52.34
2026,2026-08,2026-07-31,214150,클래시스,KOSDAQ,-11.7,-25.99,-44.62,-28.81,2684447367850,41150,191744,-8.87
2026,2026-08,2026-07-31,084370,유진테크,KOSDAQ,-39.53,-13.62,1.17,150.95,2573471516600,112300,335510,16.74
2026,2026-08,2026-07-31,095610,테스,KOSDAQ,-37.5,54.76,80.06,399.04,2516800000000,130000,393775,13.46
2026,2026-08,2026-07-31,319400,현대무벡스,KOSDAQ,-19.62,-32.06,-32.59,311.2,2372309630700,21300,2347330,31.46
2026,2026-08,2026-07-31,347850,디앤디파마텍,KOSDAQ,-42.4,-32.08,-46.67,55.4,2310215493600,50400,954481,21.83
2026,2026-08,2026-07-31,080220,제주반도체,KOSDAQ,-37.34,24.24,50.35,331.13,2242228428300,65100,3456815,25.19
2026,2026-08,2026-07-31,257720,실리콘투,KOSDAQ,7.27,-22.84,-35.94,-34.33,2226313755400,33950,575787,26.22
2026,2026-08,2026-07-31,031980,피에스케이홀딩스,KOSDAQ,-38.88,-21.32,23.95,190.64,2108802231000,97800,336089,13.7
2026,2026-08,2026-07-31,178320,서진시스템,KOSDAQ,-37.14,-44.54,-13.5,50.0,2100474321000,33000,1014672,11.97
2026,2026-08,2026-07-31,058610,에스피지,KOSDAQ,17.81,-25.86,-38.45,277.64,2097978256000,94600,2097222,25.37
2026,2026-08,2026-07-31,263750,펄어비스,KOSDAQ,-8.29,-43.63,-41.96,-14.98,2086417812000,33200,247299,-5.87
2026,2026-08,2026-07-31,131290,티에스이,KOSDAQ,-23.68,10.55,138.31,378.46,2064062651400,186600,85905,39.34
2026,2026-08,2026-07-31,310210,보로노이,KOSDAQ,-40.6,-60.95,-50.49,-5.94,2045339013700,110900,79715,62.04
2026,2026-08,2026-07-31,226950,올릭스,KOSDAQ,-39.07,-45.04,-31.25,106.54,1996758180000,94800,273246,18.14
2026,2026-08,2026-07-31,005290,동진쎄미켐,KOSDAQ,-32.85,-30.83,-30.09,23.5,1995480432900,39150,714598,10.98
2026,2026-08,2026-07-31,067310,하나마이크론,KOSDAQ,-40.42,-25.19,-21.32,130.41,1974778809300,29700,2957289,23.23
2026,2026-08,2026-07-31,357780,솔브레인,KOSDAQ,-30.92,-44.87,-48.31,6.32,1964087915000,252500,44478,27.52
2026,2026-08,2026-07-31,098460,고영,KOSDAQ,-14.71,-32.3,-19.02,87.8,1858564804250,27250,3028076,18.72
2026,2026-08,2026-07-31,064760,티씨케이,KOSDAQ,-39.27,-43.71,-30.46,54.67,1850193348000,165500,88495,47.43
2026,2026-08,2026-07-31,237690,에스티팜,KOSDAQ,-33.06,-41.97,-44.55,1.61,1847582463000,88500,214779,20.23
2026,2026-08,2026-07-31,140410,메지온,KOSDAQ,-2.8,-32.73,-65.78,53.45,1805753646000,59000,136283,16.44
2026,2026-08,2026-07-31,140860,파크시스템스,KOSDAQ,2.62,-11.76,-15.98,-7.61,1785629595000,255000,33964,9.61
2026,2026-08,2026-07-31,068760,셀트리온제약,KOSDAQ,-1.71,-28.34,-45.01,-23.8,1784973746400,40200,97880,9.33
2026,2026-08,2026-07-31,089970,브이엠,KOSDAQ,-40.07,22.66,117.97,491.69,1724403107500,65500,1151210,4.12
2026,2026-08,2026-07-31,041510,에스엠,KOSDAQ,-3.39,-29.19,-41.03,-48.61,1565996796000,68400,110044,7.31
2026,2026-08,2026-07-31,032820,우리기술,KOSDAQ,-25.98,-58.19,0.0,145.71,1549594829580,9030,4159242,32.34
2026,2026-08,2026-07-31,089030,테크윙,KOSDAQ,-22.67,-27.66,-17.1,48.04,1535873585250,41450,1268637,18.82
2026,2026-08,2026-07-31,035900,JYP Ent.,KOSDAQ,-15.95,-31.32,-41.46,-40.58,1535003654400,43200,232797,-4.98
2026,2026-08,2026-07-31,007390,네이처셀,KOSDAQ,-5.38,14.88,-12.87,-41.8,1417571232000,22000,482444,6.36
2026,2026-08,2026-07-31,096530,씨젠,KOSDAQ,-9.43,9.57,-5.94,-9.43,1404879238600,26900,259907,19.52
2026,2026-08,2026-07-31,290650,엘앤씨바이오,KOSDAQ,-42.59,-17.88,-43.71,56.8,1399727637600,51900,500236,5.39
2026,2026-08,2026-07-31,060370,LS마린솔루션,KOSDAQ,-2.95,-30.93,-18.42,0.76,1376493802900,26350,114236,23.34
2026,2026-08,2026-07-31,010170,대한광통신,KOSDAQ,-35.38,-43.7,146.53,790.4,1326292679800,8530,9615570,56.74
2026,2026-08,2026-07-31,0009K0,에임드바이오,KOSDAQ,-19.12,-56.67,-62.75,0.0,1312824568300,20300,190727,34.24
2026,2026-08,2026-07-31,420770,기가비스,KOSDAQ,-46.15,-0.38,92.02,261.89,1311940953000,103500,273351,16.04
2026,2026-08,2026-07-31,083650,비에이치아이,KOSDAQ,-26.19,-58.67,-43.87,0.0,1247058312500,40300,242284,52.11
2026,2026-08,2026-07-31,082920,비츠로셀,KOSDAQ,-32.1,-51.75,30.95,74.37,1241335617500,27500,386656,15.27
2026,2026-08,2026-07-31,131970,두산테스나,KOSDAQ,-44.88,-50.96,-5.46,97.23,1238875955800,64100,518039,31.05
2026,2026-08,2026-07-31,437730,삼현,KOSDAQ,8.5,-29.63,-43.81,211.67,1193789897550,37650,729821,6.51
2026,2026-08,2026-07-31,030530,원익홀딩스,KOSDAQ,-27.06,-53.41,-63.88,153.82,1180196349680,15280,871949,37.43
2026,2026-08,2026-07-31,039200,오스코텍,KOSDAQ,-17.1,-42.21,-45.95,-4.91,1149658188800,30050,169510,24.46
2026,2026-08,2026-07-31,218410,RFHIC,KOSDAQ,-32.44,-54.72,-10.76,53.32,1134771373400,42700,337256,24.59
2026,2026-08,2026-07-31,183300,코미코,KOSDAQ,-42.13,-24.57,-15.7,50.86,1117664864000,54400,0,0.0
2026,2026-08,2026-07-31,078600,대주전자재료,KOSDAQ,-27.13,-55.27,-6.46,-3.93,1113423384200,70900,129036,34.84
2026,2026-08,2026-07-31,950160,코오롱티슈진,KOSDAQ,-86.11,-87.25,-87.62,-66.06,1104612080000,13000,2494631,119.62
2026,2026-08,2026-07-31,003380,하림지주,KOSDAQ,-1.23,-26.83,-33.43,2.45,1075253961600,9600,615123,16.98
2026,2026-08,2026-07-31,043260,성호전자,KOSDAQ,-49.61,-63.47,-14.09,1253.26,1071822088620,14940,1620683,36.55
2026,2026-08,2026-07-31,166090,하나머티리얼즈,KOSDAQ,-16.77,-30.33,-21.38,101.53,1040305652400,52600,186123,10.84
2026,2026-08,2026-07-31,195940,HK이노엔,KOSDAQ,-10.86,-31.11,-35.88,-19.78,1022709065100,36100,159096,15.37
2026,2026-08,2026-07-31,127120,제이에스링크,KOSDAQ,-22.7,-29.04,38.85,108.87,1006092344100,28950,83428,39.9
2026,2026-08,2026-07-31,475830,오름테라퓨틱,KOSDAQ,-24.66,-49.43,-60.53,105.53,968693714000,44600,122891,52.69
2026,2026-08,2026-07-31,323280,태성,KOSDAQ,-26.64,-60.69,-58.0,-1.26,954311875000,31250,527893,72.8
2026,2026-08,2026-07-31,491000,리브스메드,KOSDAQ,5.05,-47.4,-50.72,0.0,945809898950,37450,234913,22.56
2026,2026-08,2026-07-31,458870,씨어스,KOSDAQ,-39.49,-50.16,-56.6,115.48,903918825000,23750,207966,0.84
2026,2026-08,2026-07-31,031330,에스에이엠티,KOSDAQ,-27.04,27.44,95.87,193.96,900955553670,9010,1524351,9.88
2026,2026-08,2026-07-31,101490,에스앤에스텍,KOSDAQ,-26.53,-59.43,-55.11,-18.63,871529807150,40850,383112,8.94
2026,2026-08,2026-07-31,293490,카카오게임즈,KOSDAQ,2.71,-33.69,-55.12,-53.61,850759762050,7970,356774,12.8
2026,2026-08,2026-07-31,241710,코스메카코리아,KOSDAQ,14.2,-2.72,-18.26,16.74,841584000000,78800,154617,61.42
2026,2026-08,2026-07-31,036540,SFA반도체,KOSDAQ,-17.6,-41.33,-37.88,48.7,800921675610,4870,4227803,24.02
2026,2026-08,2026-07-31,065350,신성델타테크,KOSDAQ,-9.66,-50.0,-63.61,-56.97,797034492000,29000,271710,14.14
2026,2026-08,2026-07-31,347700,스피어,KOSDAQ,-34.05,-63.51,-43.38,41.28,793890974800,15400,994064,71.75
2026,2026-08,2026-07-31,086450,동국제약,KOSDAQ,-8.71,-26.78,-6.87,-7.26,791532350000,17500,233437,12.69
2026,2026-08,2026-07-31,083450,GST,KOSDAQ,-22.51,-11.65,46.75,120.65,789725500000,42850,259142,15.05
2026,2026-08,2026-07-31,085660,차바이오텍,KOSDAQ,-22.19,-50.56,-61.33,-23.81,785620548700,8450,295347,12.78
2026,2026-08,2026-07-31,204270,제이앤티씨,KOSDAQ,-28.34,-31.49,-45.59,-19.21,766492174500,13250,279704,40.6
2026,2026-08,2026-07-31,038500,삼표시멘트,KOSDAQ,-20.43,-58.59,-16.55,102.89,756493305060,7010,836718,18.97
2026,2026-08,2026-07-31,213420,덕산네오룩스,KOSDAQ,-8.54,-40.59,-23.18,-25.28,744935370000,30000,179737,16.83
2026,2026-08,2026-07-31,090710,휴림로봇,KOSDAQ,-24.88,-50.95,-58.01,138.54,740070389510,6190,2544430,20.68
2026,2026-08,2026-07-31,388720,유일로보틱스,KOSDAQ,-12.25,-40.72,-54.95,-11.63,733977793500,62300,46231,18.94
2026,2026-08,2026-07-31,032190,다우데이타,KOSDAQ,3.99,-18.57,-32.96,16.66,718891000000,18770,109594,9.22
2026,2026-08,2026-07-31,056190,SFA,KOSDAQ,-13.98,-36.31,-40.83,-18.7,718175200000,20000,137487,27.75
2026,2026-08,2026-07-31,122870,와이지엔터테인먼트,KOSDAQ,-8.4,-29.35,-48.93,-55.17,713063519350,38150,101186,7.6
2026,2026-08,2026-07-31,281740,레이크머티리얼즈,KOSDAQ,-25.34,-52.87,-59.48,-13.28,712519140320,10840,341670,23.62
2026,2026-08,2026-07-31,014620,성광벤드,KOSDAQ,-4.12,-42.35,-18.07,-16.54,710409487000,26750,317952,-2.62
2026,2026-08,2026-07-31,232140,와이씨,KOSDAQ,-34.3,-60.46,-56.21,-22.86,708871824000,8640,1158630,28.47
2026,2026-08,2026-07-31,099320,쎄트렉아이,KOSDAQ,-28.71,-61.27,-67.28,31.36,704167175400,64300,70081,26.59
2026,2026-08,2026-07-31,417200,LS머트리얼즈,KOSDAQ,-30.02,-65.56,-40.28,-3.63,700205020650,10350,719296,20.0
2026,2026-08,2026-07-31,388210,씨엠티엑스,KOSDAQ,-22.62,-48.69,-45.84,0.0,697050423600,72200,56446,11.91
2026,2026-08,2026-07-31,328130,루닛,KOSDAQ,-19.14,-55.42,-50.91,-58.01,688738165000,9250,317822,14.16
2026,2026-08,2026-07-31,035760,CJ ENM,KOSDAQ,-1.42,-42.05,-58.09,-52.21,687478977900,31350,51049,9.73
2026,2026-08,2026-07-31,476830,알지노믹스,KOSDAQ,-41.1,-72.54,-67.58,0.0,677538779400,24150,314331,45.96
2026,2026-08,2026-07-31,137400,피엔티,KOSDAQ,-23.2,-49.46,-46.5,-19.03,670447602400,28300,147511,16.96
2026,2026-08,2026-07-31,100790,미래에셋벤처투자,KOSDAQ,-35.6,-76.15,-28.98,84.09,664007225000,12500,505820,40.0
2026,2026-08,2026-07-31,033100,제룡전기,KOSDAQ,-19.34,-41.34,-15.46,1.85,663377491700,41300,217733,17.92
2026,2026-08,2026-07-31,252990,샘씨엔에스,KOSDAQ,-16.94,-23.0,15.58,120.26,661192421220,10980,854258,45.26
2026,2026-08,2026-07-31,074600,원익QnC,KOSDAQ,-29.73,-34.74,-13.33,33.88,649313600000,24700,373391,18.02
2026,2026-08,2026-07-31,253450,스튜디오드래곤,KOSDAQ,1.41,-38.02,-56.19,-53.45,649263556800,21600,46806,9.26
2026,2026-08,2026-07-31,445680,큐리옥스바이오시스템즈,KOSDAQ,-22.34,-63.22,-68.15,-2.47,645982225250,37550,84430,34.75
2026,2026-08,2026-07-31,036830,솔브레인홀딩스,KOSDAQ,-19.27,-57.53,-47.37,-30.26,635623411000,31000,48659,28.87
2026,2026-08,2026-07-31,093320,케이아이엔엑스,KOSDAQ,22.01,24.35,-2.63,43.47,632936000000,129700,10121,15.65
2026,2026-08,2026-07-31,079940,가비아,KOSDAQ,58.52,56.41,40.3,86.88,630772148000,47000,14892,-4.68
2026,2026-08,2026-07-31,019210,와이지-원,KOSDAQ,-22.43,7.03,88.52,193.07,628945940480,16910,1431025,7.69
2026,2026-08,2026-07-31,115180,큐리언트,KOSDAQ,-22.87,-55.34,-51.36,58.21,624956600660,16660,112785,53.66
2026,2026-08,2026-07-31,189300,인텔리안테크,KOSDAQ,-25.1,-56.14,-44.62,19.51,624922325400,58200,129583,35.74
2026,2026-08,2026-07-31,006730,서부T&D,KOSDAQ,0.73,-35.07,-44.74,11.09,624771691560,9720,290831,4.12
2026,2026-08,2026-07-31,041830,인바디,KOSDAQ,-20.07,56.61,41.5,94.12,622816748400,46200,91248,39.39
2026,2026-08,2026-07-31,032500,케이엠더블유,KOSDAQ,-24.59,-51.87,-24.31,8.4,604185158320,14320,195215,20.39
2026,2026-08,2026-07-31,119850,지엔씨에너지,KOSDAQ,61.23,-0.14,0.0,7.49,602030069400,36600,1055703,50.0
2026,2026-08,2026-07-31,171090,선익시스템,KOSDAQ,-0.5,-42.15,-3.42,46.78,600568221800,59300,95231,13.83
2026,2026-08,2026-07-31,090360,로보스타,KOSDAQ,-33.69,-15.78,-30.93,129.1,598650000000,61400,207473,39.9
2026,2026-08,2026-07-31,225570,넥슨게임즈,KOSDAQ,4.4,-23.95,-31.87,-35.06,594058769480,9020,169726,5.1
2026,2026-08,2026-07-31,102710,이엔에프테크놀로지,KOSDAQ,-9.59,-28.32,-29.54,-2.24,592945194000,41500,100808,21.69
2026,2026-08,2026-07-31,466100,클로봇,KOSDAQ,-21.87,-50.96,-66.94,29.94,590654344800,23200,346527,40.95
2026,2026-08,2026-07-31,053800,안랩,KOSDAQ,0.95,-16.01,-20.42,-17.19,589704818000,53000,58174,11.89
2026,2026-08,2026-07-31,052400,코나아이,KOSDAQ,-13.03,-27.02,-35.45,-29.73,578162652700,39700,62805,0.63
2026,2026-08,2026-07-31,399720,가온칩스,KOSDAQ,21.28,-31.18,-33.26,2.32,574560991800,48450,468617,0.72
2026,2026-08,2026-07-31,251970,펌텍코리아,KOSDAQ,28.77,11.35,-29.73,-30.88,571640000000,46100,80784,14.97
2026,2026-08,2026-07-31,048410,현대바이오,KOSDAQ,-28.22,-55.97,-47.56,-0.67,569382874800,5900,1097497,28.14
2026,2026-08,2026-07-31,023160,태광,KOSDAQ,-11.56,-52.66,-23.51,-5.22,563905875600,21800,214060,6.42
2026,2026-08,2026-07-31,161580,필옵틱스,KOSDAQ,-34.96,-49.79,-56.52,-27.93,562613928000,24000,232660,24.37
2026,2026-08,2026-07-31,094170,동운아나텍,KOSDAQ,-19.82,-47.67,-11.22,50.95,562477278400,26900,278299,22.68
2026,2026-08,2026-07-31,490470,세미파이브,KOSDAQ,-23.3,-61.15,-42.04,0.0,561079505600,16490,538669,10.67
2026,2026-08,2026-07-31,067160,SOOP,KOSDAQ,-2.44,-17.81,-35.05,-39.62,551748816000,48000,35756,-13.54
2026,2026-08,2026-07-31,044490,태웅,KOSDAQ,-8.35,-48.21,-10.44,-32.22,549202608450,27450,254518,28.23
2026,2026-08,2026-07-31,112040,위메이드,KOSDAQ,-17.28,-35.91,-51.03,-49.08,542836243170,15990,262439,7.44
2026,2026-08,2026-07-31,041960,코미팜,KOSDAQ,-6.18,-25.0,2.24,37.81,538632548550,7290,177879,26.2
2026,2026-08,2026-07-31,037460,삼지전자,KOSDAQ,-7.92,-0.46,42.76,174.68,531167891100,32550,96681,11.37
2026,2026-08,2026-07-31,045100,한양이엔지,KOSDAQ,-0.16,-5.75,-3.5,62.73,530250000000,30300,92173,8.09
2026,2026-08,2026-07-31,086900,메디톡스,KOSDAQ,-10.11,-31.75,-46.39,-51.05,525491784000,72000,11136,6.81
2026,2026-08,2026-07-31,053610,프로텍,KOSDAQ,-29.03,-29.81,13.14,115.3,519300000000,57700,53209,19.76
2026,2026-08,2026-07-31,397030,에이프릴바이오,KOSDAQ,-45.38,-62.65,-62.01,4.73,518616245900,22150,119583,27.77
2026,2026-08,2026-07-31,222080,SFA넥셀,KOSDAQ,-25.31,-61.33,-49.81,-12.4,516460156160,6640,770138,26.81
2026,2026-08,2026-07-31,050890,쏠리드,KOSDAQ,-22.29,-50.5,-0.35,34.44,514607842980,8470,844162,22.31
2026,2026-08,2026-07-31,376900,로킷헬스케어,KOSDAQ,-28.56,-57.97,-46.95,107.96,510342316350,32150,376940,0.31
2026,2026-08,2026-07-31,383310,에코프로에이치엔,KOSDAQ,-24.88,-25.24,-42.46,-9.83,500252128200,23850,404833,8.39
2026,2026-08,2026-07-31,046890,서울반도체,KOSDAQ,-23.4,-48.46,9.52,19.35,496178954000,8510,490769,20.68
2026,2026-08,2026-07-31,211050,인카금융서비스,KOSDAQ,-0.7,-7.67,-36.93,-12.21,492143933430,9990,115245,7.21
2026,2026-08,2026-07-31,476060,온코닉테라퓨틱스,KOSDAQ,-19.55,-49.08,-41.1,66.46,491312828800,10820,323305,36.88
