순위,투자연도,투자월,종목선정일,시장,종목명,종목코드,시가총액,종가,1개월(%),3개월(%),6개월(%),12개월(%),이번달수익률
1,2026,2026-08,2026-07-31,NASDAQ,NVIDIA Corporation Common Stock,NVDA,4858150.0,195.0399932861328,-2.52,-2.27,2.05,9.65,0.0
2,2026,2026-08,2026-07-31,NASDAQ,Apple Inc. Common Stock,AAPL,4537071.1,333.42999267578125,15.23,22.88,28.5,60.63,0.0
3,2026,2026-08,2026-07-31,NASDAQ,Alphabet Inc. Class C Capital Stock,GOOG,4361829.5,333.67999267578125,-5.56,-12.64,-1.43,73.02,0.0
4,2026,2026-08,2026-07-31,NASDAQ,Microsoft Corporation Common Stock,MSFT,3450799.5,451.1000061035156,20.93,10.62,4.84,-15.45,0.0
5,2026,2026-08,2026-07-31,NASDAQ,Amazon.com Inc. Common Stock,AMZN,2921415.8,235.5,-1.19,-11.15,-1.59,0.59,0.0
6,2026,2026-08,2026-07-31,NYSE,Taiwan Semiconductor Manufacturing Company Ltd.,TSM,2096644.6,403.30999755859375,-15.55,1.83,22.01,66.92,0.0
7,2026,2026-08,2026-07-31,NASDAQ,Broadcom Inc. Common Stock,AVGO,1852030.8,387.8399963378906,2.67,-7.09,17.07,32.05,0.0
8,2026,2026-08,2026-07-31,NASDAQ,Space Exploration Technologies Corp. Class A Common Stock,SPCX,1418655.8,112.19999694824219,-34.33,0.0,0.0,0.0,0.0
9,2026,2026-08,2026-07-31,NASDAQ,Meta Platforms Inc. Class A Common Stock,META,1413165.6,539.030029296875,-4.31,-11.91,-24.77,-30.31,0.0
10,2026,2026-08,2026-07-31,NASDAQ,Tesla Inc. Common Stock,TSLA,1229138.6,308.8500061035156,-26.57,-19.07,-28.24,0.19,0.0
11,2026,2026-08,2026-07-31,NYSE,Berkshire Hathaway Inc.,BRK-B,1128616.5,509.67999267578125,1.86,7.62,6.07,8.01,0.0
12,2026,2026-08,2026-07-31,NYSE,Eli Lilly and Company Common Stock,LLY,1081910.2,1154.969970703125,-3.71,23.58,11.36,56.06,0.0
13,2026,2026-08,2026-07-31,NASDAQ,SK hynix Inc. American Depositary Shares,SKHY,1047598.4,149.0,0.0,0.0,0.0,0.0,0.0
14,2026,2026-08,2026-07-31,NYSE,JP Morgan Chase & Co. Common Stock,JPM,942625.3,350.8500061035156,7.19,12.01,14.7,18.43,0.0
15,2026,2026-08,2026-07-31,NASDAQ,Micron Technology Inc. Common Stock,MU,929524.4,874.6599731445312,-24.23,69.13,110.82,701.41,0.0
16,2026,2026-08,2026-07-31,NASDAQ,Walmart Inc. Common Stock,WMT,884938.4,111.0999984741211,-1.91,-15.79,-6.75,13.39,0.0
17,2026,2026-08,2026-07-31,NASDAQ,Advanced Micro Devices Inc. Common Stock,AMD,776410.5,485.3900146484375,-16.44,36.93,105.04,175.3,0.0
18,2026,2026-08,2026-07-31,NYSE,Visa Inc.,V,654184.7,366.2699890136719,6.76,11.04,13.81,6.02,0.0
19,2026,2026-08,2026-07-31,NYSE,ExxonMobil Holdings Corporation Common Stock,XOM,644290.6,156.97000122070312,14.81,1.71,11.01,40.6,0.0
20,2026,2026-08,2026-07-31,NASDAQ,ASML Holding N.V. New York Registry Shares,ASML,627845.4,1651.43994140625,-16.99,14.76,16.05,137.72,0.0
21,2026,2026-08,2026-07-31,NYSE,Johnson & Johnson Common Stock,JNJ,617777.5,255.82000732421875,0.73,11.3,12.57,55.29,0.0
22,2026,2026-08,2026-07-31,NYSE,Mastercard Incorporated Common Stock,MA,506381.9,577.3499755859375,12.41,14.8,7.16,1.92,0.0
23,2026,2026-08,2026-07-31,NASDAQ,Cisco Systems Inc. Common Stock (DE),CSCO,457167.0,113.55999755859375,-3.32,24.11,44.99,66.8,0.0
24,2026,2026-08,2026-07-31,NASDAQ,Intel Corporation Common Stock,INTC,454968.8,91.12999725341797,-34.73,-3.55,96.11,360.25,0.0
25,2026,2026-08,2026-07-31,NYSE,AbbVie Inc. Common Stock,ABBV,443359.0,257.4100036621094,2.29,21.81,15.43,36.18,0.0
26,2026,2026-08,2026-07-31,NYSE,Bank of America Corporation Common Stock,BAC,439633.8,61.72999954223633,8.34,15.47,16.03,30.59,0.0
27,2026,2026-08,2026-07-31,NASDAQ,Costco Wholesale Corporation Common Stock,COST,422143.0,954.1699829101562,2.0,-5.95,1.48,1.55,0.0
28,2026,2026-08,2026-07-31,NASDAQ,Applied Materials Inc. Common Stock,AMAT,403069.4,501.7699890136719,-30.6,27.19,55.67,178.67,0.0
29,2026,2026-08,2026-07-31,NYSE,Chevron Corporation Common Stock,CVX,392006.2,192.30999755859375,16.02,-0.52,8.71,26.82,0.0
30,2026,2026-08,2026-07-31,NYSE,Coca-Cola Company (The) Common Stock,KO,376860.3,88.48999786376953,8.88,12.35,18.29,30.34,0.0
31,2026,2026-08,2026-07-31,NYSE,UnitedHealth Group Incorporated Common Stock (DE),UNH,376335.0,421.4700012207031,1.41,13.76,46.89,68.89,0.0
32,2026,2026-08,2026-07-31,NYSE,Caterpillar Inc. Common Stock,CAT,375331.7,809.1400146484375,-24.02,-9.1,23.09,84.73,0.0
33,2026,2026-08,2026-07-31,NYSE,Oracle Corporation Common Stock,ORCL,374086.8,127.55999755859375,-12.96,-20.96,-22.49,-49.73,0.0
34,2026,2026-08,2026-07-31,NYSE,GE Aerospace Common Stock,GE,373595.1,355.0400085449219,-5.0,22.46,15.73,30.97,0.0
35,2026,2026-08,2026-07-31,NASDAQ,Lam Research Corporation Common Stock,LRCX,366442.3,297.7200012207031,-31.29,15.46,27.53,213.92,0.0
36,2026,2026-08,2026-07-31,NYSE,HSBC Holdings plc. Common Stock,HSBC,365735.0,107.08999633789062,12.62,16.58,21.68,74.7,0.0
37,2026,2026-08,2026-07-31,NYSE,Procter & Gamble Company (The) Common Stock,PG,336459.3,143.9600067138672,-1.83,-2.13,-5.15,-4.33,0.0
38,2026,2026-08,2026-07-31,NYSE,Morgan Stanley Common Stock,MS,331892.3,210.05999755859375,0.49,10.22,14.91,47.45,0.0
39,2026,2026-08,2026-07-31,NYSE,Home Depot Inc. (The) Common Stock,HD,331002.9,333.3500061035156,-5.48,1.38,-11.01,-9.29,0.0
40,2026,2026-08,2026-07-31,NYSE,Merck & Company Inc. Common Stock (new),MRK,321571.1,129.7899932861328,1.0,18.88,17.7,66.14,0.0
41,2026,2026-08,2026-07-31,NYSE,Goldman Sachs Group Inc. (The) Common Stock,GS,300429.7,1024.8599853515625,1.33,10.94,9.56,41.64,0.0
42,2026,2026-08,2026-07-31,NASDAQ,Netflix Inc. Common Stock,NFLX,298596.1,73.16999816894531,2.48,-21.84,-12.36,-36.89,0.0
43,2026,2026-08,2026-07-31,NYSE,Toyota Motor Corporation Common Stock,TM,298509.5,191.4499969482422,13.67,-0.61,-15.61,6.97,0.0
44,2026,2026-08,2026-07-31,NYSE,Novartis AG Common Stock,NVS,297957.9,158.44000244140625,1.1,7.16,6.56,39.3,0.0
45,2026,2026-08,2026-07-31,NYSE,Philip Morris International Inc Common Stock,PM,297414.6,192.0,6.13,16.31,7.0,17.04,0.0
46,2026,2026-08,2026-07-31,NASDAQ,Palantir Technologies Inc. Class A Common Stock,PLTR,295013.2,122.26000213623047,4.79,-12.11,-16.6,-22.79,0.0
47,2026,2026-08,2026-07-31,NYSE,Royal Bank Of Canada Common Stock,RY,291172.2,210.1199951171875,1.52,16.75,26.4,63.57,0.0
48,2026,2026-08,2026-07-31,NYSE,RTX Corporation Common Stock,RTX,290064.5,214.3800048828125,12.99,21.76,6.69,36.05,0.0
49,2026,2026-08,2026-07-31,NYSE,Alibaba Group Holding Limited American Depositary Shares each representing eight Ordinary share,BABA,285299.2,116.31999969482422,21.19,-11.8,-31.4,-3.57,0.0
50,2026,2026-08,2026-07-31,NASDAQ,Palo Alto Networks Inc. Common Stock,PANW,270441.4,325.67999267578125,-4.5,81.62,84.03,87.6,0.0
51,2026,2026-08,2026-07-31,NYSE,Mitsubishi UFJ Financial Group Inc. Common Stock,MUFG,266430.1,22.5,13.12,25.35,24.65,61.87,0.0
52,2026,2026-08,2026-07-31,NYSE,GE Vernova Inc. Common Stock,GEV,263747.5,981.97998046875,-16.42,-9.37,35.19,48.72,0.0
53,2026,2026-08,2026-07-31,NYSE,AstraZeneca PLC Ordinary Shares,AZN,263065.1,171.33999633789062,-9.64,-8.56,-7.65,17.21,0.0
54,2026,2026-08,2026-07-31,NYSE,Dell Technologies Inc. Class C Common Stock,DELL,262723.5,404.80999755859375,-6.18,93.74,253.73,205.08,0.0
55,2026,2026-08,2026-07-31,NYSE,Shell PLC American Depositary Shares (each representing two (2) Ordinary Shares),SHEL,261678.1,90.51000213623047,16.73,-0.18,17.5,25.34,0.0
56,2026,2026-08,2026-07-31,NYSE,Wells Fargo & Company Common Stock,WFC,261424.7,85.43000030517578,3.38,3.89,-5.59,5.95,0.0
57,2026,2026-08,2026-07-31,NASDAQ,Arm Holdings plc American Depositary Shares,ARM,255043.4,241.5399932861328,-31.88,14.84,129.25,70.85,0.0
58,2026,2026-08,2026-07-31,NASDAQ,Texas Instruments Incorporated Common Stock,TXN,251818.9,278.760009765625,-6.48,-0.83,29.32,53.96,0.0
59,2026,2026-08,2026-07-31,NASDAQ,KLA Corporation Common Stock,KLAC,238813.2,180.3300018310547,-40.23,3.03,26.29,105.15,0.0
60,2026,2026-08,2026-07-31,NYSE,Comcast Holdings ZONES,CCZ,234174.5,65.98999786376953,-0.77,2.25,1.52,10.44,0.0
61,2026,2026-08,2026-07-31,NYSE,Arista Networks Inc. Common Stock,ANET,227097.2,171.02000427246094,0.67,-0.98,20.66,38.79,0.0
62,2026,2026-08,2026-07-31,NYSE,American Express Company Common Stock,AXP,227072.9,337.5199890136719,-0.22,4.48,-4.16,12.77,0.0
63,2026,2026-08,2026-07-31,NYSE,Citigroup Inc. Common Stock,C,225903.7,132.32000732421875,-5.46,3.39,14.35,41.22,0.0
64,2026,2026-08,2026-07-31,NYSE,SAP  SE ADS,SAP,225577.9,180.8800048828125,17.37,6.72,-10.03,-36.91,0.0
65,2026,2026-08,2026-07-31,NASDAQ,Linde plc Ordinary Shares,LIN,221298.4,508.6400146484375,-1.98,1.5,11.31,10.51,0.0
66,2026,2026-08,2026-07-31,NYSE,BHP Group Limited American Depositary Shares (Each representing two Ordinary Shares),BHP,214663.4,85.9000015258789,3.11,8.32,24.98,69.53,0.0
67,2026,2026-08,2026-07-31,NYSE,Thermo Fisher Scientific Inc Common Stock,TMO,213422.2,576.77001953125,15.04,20.42,-0.32,23.33,0.0
68,2026,2026-08,2026-07-31,NYSE,International Business Machines Corporation Common Stock,IBM,210708.4,221.74000549316406,-21.15,-4.0,-27.7,-12.41,0.0
69,2026,2026-08,2026-07-31,NYSE,Novo Nordisk A/S Common Stock,NVO,208467.0,51.61000061035156,7.66,22.24,-13.16,9.65,0.0
70,2026,2026-08,2026-07-31,NASDAQ,Amgen Inc. Common Stock,AMGN,207874.0,387.6400146484375,7.05,11.95,13.38,31.36,0.0
71,2026,2026-08,2026-07-31,NYSE,Banco Santander S.A. Sponsored ADR (Spain),SAN,207119.4,14.109999656677246,2.25,15.75,10.67,63.88,0.0
72,2026,2026-08,2026-07-31,NYSE,Toronto Dominion Bank (The) Common Stock,TD,198158.2,119.76000213623047,-1.38,11.2,28.1,64.32,0.0
73,2026,2026-08,2026-07-31,NYSE,Amphenol Corporation Common Stock,APH,197698.7,159.82000732421875,-9.36,8.52,10.92,50.05,0.0
74,2026,2026-08,2026-07-31,NYSE,Verizon Communications Inc. Common Stock,VZ,195457.9,46.11000061035156,8.9,-4.0,3.57,7.83,0.0
75,2026,2026-08,2026-07-31,NASDAQ,CrowdStrike Holdings Inc. Class A Common Stock,CRWD,194345.0,185.22000122070312,-2.92,66.21,67.85,62.98,0.0
76,2026,2026-08,2026-07-31,NASDAQ,Seagate Technology Holdings PLC Ordinary Shares (Ireland),STX,194341.5,851.6799926757812,-11.74,26.43,108.9,442.44,0.0
77,2026,2026-08,2026-07-31,NYSE,McDonald's Corporation Common Stock,MCD,192291.3,268.44000244140625,-0.69,-8.57,-14.78,-10.54,0.0
78,2026,2026-08,2026-07-31,NYSE,TotalEnergies SE Ordinary Shares,TTE,191698.4,87.02999877929688,11.92,-6.13,20.21,46.15,0.0
79,2026,2026-08,2026-07-31,NASDAQ,PepsiCo Inc. Common Stock,PEP,190484.3,140.1999969482422,3.55,-11.54,-8.74,1.65,0.0
80,2026,2026-08,2026-07-31,NASDAQ,Western Digital Corporation Common Stock,WDC,187796.6,533.0399780273438,-16.55,22.67,113.02,577.39,0.0
81,2026,2026-08,2026-07-31,NASDAQ,T-Mobile US Inc. Common Stock,TMUS,185261.1,173.33999633789062,3.34,-11.34,-12.1,-27.29,0.0
82,2026,2026-08,2026-07-31,NYSE,Charles Schwab Corporation (The) Common Stock,SCHW,183026.6,104.33000183105469,13.07,13.85,0.39,6.75,0.0
83,2026,2026-08,2026-07-31,NYSE,Abbott Laboratories Common Stock,ABT,182901.5,105.61000061035156,16.39,16.32,-3.38,-16.31,0.0
84,2026,2026-08,2026-07-31,NYSE,NextEra Energy Inc. Common Stock,NEE,181313.2,87.93000030517578,0.18,-10.17,0.03,23.74,0.0
85,2026,2026-08,2026-07-31,NASDAQ,Sandisk Corporation Common Stock,SNDK,179903.9,1279.9599609375,-43.71,16.73,122.12,2882.2,0.0
86,2026,2026-08,2026-07-31,NASDAQ,Analog Devices Inc. Common Stock,ADI,178960.6,366.6700134277344,-7.68,-8.85,17.95,63.23,0.0
87,2026,2026-08,2026-07-31,NYSE,TJX Companies Inc. (The) Common Stock,TJX,173814.2,159.25999450683594,5.12,1.6,6.31,27.89,0.0
88,2026,2026-08,2026-07-31,NYSE,Union Pacific Corporation Common Stock,UNP,173547.3,289.4599914550781,6.42,7.41,23.12,30.41,0.0
89,2026,2026-08,2026-07-31,NYSE,Boeing Company (The) Common Stock,BA,170830.6,220.89999389648438,2.05,-3.55,-5.49,-0.42,0.0
90,2026,2026-08,2026-07-31,NYSE,Anheuser-Busch Inbev SA Sponsored ADR (Belgium),BUD,170550.1,86.13999938964844,4.54,14.02,20.17,49.37,0.0
91,2026,2026-08,2026-07-31,NYSE,BlackRock Inc. Common Stock,BLK,169265.6,1098.3699951171875,14.23,3.08,-1.84,-0.69,0.0
92,2026,2026-08,2026-07-31,NYSE,Welltower Inc. Common Stock,WELL,168971.4,235.6300048828125,3.82,8.42,25.1,42.75,0.0
93,2026,2026-08,2026-07-31,NYSE,Walt Disney Company (The) Common Stock,DIS,167035.0,96.16000366210938,-0.09,-7.32,-14.75,-19.27,0.0
94,2026,2026-08,2026-07-31,NYSE,Sumitomo Mitsui Financial Group Inc Unsponsored American Depositary Shares (Japan),SMFG,165092.8,25.780000686645508,9.33,21.43,22.82,70.28,0.0
95,2026,2026-08,2026-07-31,NASDAQ,Marvell Technology Inc. Common Stock,MRVL,164258.8,183.3000030517578,-38.47,10.99,132.26,128.07,0.0
96,2026,2026-08,2026-07-31,NYSE,UBS Group AG Registered Ordinary Shares,UBS,163675.2,53.38999938964844,7.73,21.62,13.23,43.02,0.0
97,2026,2026-08,2026-07-31,NASDAQ,Gilead Sciences Inc. Common Stock,GILD,161664.8,131.27999877929688,3.91,0.34,-7.52,16.91,0.0
98,2026,2026-08,2026-07-31,NYSE,Eaton Corporation PLC Ordinary Shares,ETN,161222.2,386.8900146484375,-9.21,-10.65,10.09,0.56,0.0
99,2026,2026-08,2026-07-31,NYSE,Deere & Company Common Stock,DE,159983.8,599.469970703125,-5.5,1.63,13.54,14.32,0.0
100,2026,2026-08,2026-07-31,NYSE,Banco Bilbao Vizcaya Argentaria S.A. Common Stock,BBVA,159565.7,27.600000381469727,10.14,24.77,8.58,64.97,0.0
101,2026,2026-08,2026-07-31,NYSE,AT&T Inc.,T,159318.0,23.209999084472656,12.13,-11.17,-11.45,-15.32,0.0
102,2026,2026-08,2026-07-31,NASDAQ,QUALCOMM Incorporated Common Stock,QCOM,154990.5,151.60000610351562,-17.96,-15.58,0.01,3.3,0.0
103,2026,2026-08,2026-07-31,NYSE,Southern Copper Corporation Common Stock,SCCO,152440.2,185.0,6.16,8.83,-1.04,103.64,0.0
104,2026,2026-08,2026-07-31,NASDAQ,Shopify Inc. Class A Subordinate Voting Shares,SHOP,151804.3,122.4000015258789,7.2,1.05,-6.73,0.16,0.0
105,2026,2026-08,2026-07-31,NYSE,Salesforce Inc. Common Stock,CRM,150712.4,180.7100067138672,15.35,2.37,-14.88,-30.05,0.0
106,2026,2026-08,2026-07-31,NASDAQ,Booking Holdings Inc. Common Stock,BKNG,149474.1,193.24000549316406,8.42,14.78,-3.42,-12.23,0.0
107,2026,2026-08,2026-07-31,NASDAQ,Interactive Brokers Group Inc. Class A Common Stock,IBKR,149262.2,90.4800033569336,3.95,13.81,20.83,38.01,0.0
108,2026,2026-08,2026-07-31,NYSE,ConocoPhillips Common Stock,COP,146780.1,119.02999877929688,14.5,-5.37,14.2,24.85,0.0
109,2026,2026-08,2026-07-31,NYSE,Uber Technologies Inc. Common Stock,UBER,143224.7,70.37000274658203,-2.48,-5.68,-12.09,-19.81,0.0
110,2026,2026-08,2026-07-31,NYSE,Pfizer Inc. Common Stock,PFE,142543.1,24.90999984741211,3.45,-6.7,-5.79,6.96,0.0
111,2026,2026-08,2026-07-31,NYSE,Unilever PLC American Depositary Shares (each representing One Ordinary Share),UL,138563.9,65.2699966430664,8.57,10.66,-4.52,-0.8,0.0
112,2026,2026-08,2026-07-31,NYSE,Sony Group Corporation American Depositary Shares,SONY,137412.3,22.770000457763672,13.51,13.34,3.03,-6.37,0.0
113,2026,2026-08,2026-07-31,NYSE,Danaher Corporation Common Stock,DHR,137068.2,196.1699981689453,2.99,9.62,-10.38,-0.5,0.0
114,2026,2026-08,2026-07-31,NYSE,Chubb Limited  Common Stock,CB,135292.3,350.1499938964844,2.76,7.08,13.11,31.62,0.0
115,2026,2026-08,2026-07-31,NYSE,Prologis Inc. Common Stock,PLD,134932.1,146.19000244140625,7.91,2.94,11.97,36.91,0.0
116,2026,2026-08,2026-07-31,NYSE,Lockheed Martin Corporation Common Stock,LMT,134491.0,574.1099853515625,12.69,10.84,-9.48,36.37,0.0
117,2026,2026-08,2026-07-31,NYSE,Bristol-Myers Squibb Company Common Stock,BMY,133367.7,64.86000061035156,12.57,7.05,17.82,49.76,0.0
118,2026,2026-08,2026-07-31,NYSE,CVS Health Corporation Common Stock,CVS,133245.1,105.22000122070312,1.71,26.33,41.2,69.44,0.0
119,2026,2026-08,2026-07-31,NASDAQ,Applovin Corporation Class A Common Stock,APP,132998.6,403.8699951171875,-21.61,-9.52,-14.64,3.37,0.0
120,2026,2026-08,2026-07-31,NYSE,British American Tobacco  Industries p.l.c. Common Stock ADR,BTI,131481.3,61.689998626708984,-0.11,4.91,1.66,14.92,0.0
121,2026,2026-08,2026-07-31,NYSE,Mizuho Financial Group Inc. Sponosred ADR (Japan),MFG,129970.1,10.350000381469727,8.04,20.35,19.93,75.42,0.0
122,2026,2026-08,2026-07-31,NYSE,Capital One Financial Corporation Common Stock,COF,128224.5,210.13999938964844,4.75,9.85,-4.01,-2.26,0.0
123,2026,2026-08,2026-07-31,NYSE,Bank Of Montreal Common Stock,BMO,126497.9,178.6199951171875,1.09,17.44,31.19,61.73,0.0
124,2026,2026-08,2026-07-31,NASDAQ,PDD Holdings Inc. American Depositary Shares,PDD,126056.0,87.44000244140625,14.63,-12.45,-13.47,-22.93,0.0
125,2026,2026-08,2026-07-31,NYSE,Petroleo Brasileiro S.A. Petrobras ADS,PBR,125020.7,19.1200008392334,18.32,-13.21,24.64,50.08,0.0
126,2026,2026-08,2026-07-31,NYSE,Stryker Corporation Common Stock,SYK,124860.6,348.0400085449219,10.55,10.44,-5.82,-11.38,0.0
127,2026,2026-08,2026-07-31,NASDAQ,Intuitive Surgical Inc. Common Stock,ISRG,124823.7,352.9700012207031,-11.24,-22.87,-30.0,-26.63,0.0
128,2026,2026-08,2026-07-31,NYSE,Progressive Corporation (The) Common Stock,PGR,123540.4,213.27999877929688,-2.37,5.96,2.54,-11.88,0.0
129,2026,2026-08,2026-07-31,NYSE,Parker-Hannifin Corporation Common Stock,PH,123127.1,962.7899780273438,-1.57,5.87,2.88,31.55,0.0
130,2026,2026-08,2026-07-31,NYSE,HDFC Bank Limited Common Stock,HDB,122787.8,24.139999389648438,-6.54,-5.0,-25.45,-37.11,0.0
131,2026,2026-08,2026-07-31,NYSE,Rio Tinto Plc Common Stock,RIO,121647.3,97.18000030517578,2.37,-3.28,6.76,62.59,0.0
132,2026,2026-08,2026-07-31,NYSE,S&P Global Inc. Common Stock,SPGI,121437.0,415.0,7.71,1.72,-16.89,-20.4,0.0
133,2026,2026-08,2026-07-31,NASDAQ,Vertex Pharmaceuticals Incorporated Common Stock,VRTX,121090.6,481.70001220703125,-3.03,12.71,2.51,5.43,0.0
134,2026,2026-08,2026-07-31,NASDAQ,Starbucks Corporation Common Stock,SBUX,119985.0,105.8499984741211,3.58,0.49,15.12,18.72,0.0
135,2026,2026-08,2026-07-31,NYSE,Corning Incorporated Common Stock,GLW,119086.9,135.22000122070312,-47.06,-17.67,30.96,113.82,0.0
136,2026,2026-08,2026-07-31,NYSE,Enbridge Inc Common Stock,ENB,118918.7,55.43000030517578,2.25,0.02,13.49,22.39,0.0
137,2026,2026-08,2026-07-31,NASDAQ,Fortinet Inc. Common Stock,FTNT,118652.4,154.25,0.41,82.96,89.82,54.4,0.0
138,2026,2026-08,2026-07-31,NYSE,BP p.l.c. Common Stock,BP,118382.8,44.220001220703125,19.68,-6.67,16.74,37.54,0.0
139,2026,2026-08,2026-07-31,NYSE,Lowe's Companies Inc. Common Stock,LOW,116520.5,210.0800018310547,-4.72,-12.02,-21.34,-6.03,0.0
140,2026,2026-08,2026-07-31,NYSE,ServiceNow Inc. Common Stock,NOW,115011.8,110.06999969482422,10.87,24.64,-5.93,-41.65,0.0
141,2026,2026-08,2026-07-31,NYSE,Altria Group Inc.,MO,114103.7,67.94000244140625,-5.57,-6.48,9.6,9.69,0.0
142,2026,2026-08,2026-07-31,NYSE,Howmet Aerospace Inc. Common Stock,HWM,112934.3,277.2799987792969,3.13,14.09,33.26,54.24,0.0
143,2026,2026-08,2026-07-31,NYSE,Accenture plc Class A Ordinary Shares (Ireland),ACN,110753.3,163.2899932861328,31.22,-8.63,-38.06,-38.87,0.0
144,2026,2026-08,2026-07-31,NYSE,Medtronic plc. Ordinary Shares,MDT,109303.1,85.70999908447266,9.56,5.85,-16.75,-5.02,0.0
145,2026,2026-08,2026-07-31,NYSE,Canadian Imperial Bank of Commerce Common Stock,CM,108450.4,118.2699966430664,2.84,6.13,28.01,65.55,0.0
146,2026,2026-08,2026-07-31,NYSE,Bank Nova Scotia Halifax Pfd 3 Ordinary Shares,BNS,107675.1,87.83999633789062,1.15,12.9,17.56,57.96,0.0
147,2026,2026-08,2026-07-31,NYSE,ICICI Bank Limited Common Stock,IBN,107365.9,30.260000228881836,4.24,13.8,3.31,-10.21,0.0
148,2026,2026-08,2026-07-31,NYSE,The Bank of New York Mellon Corporation Common Stock,BNY,107301.6,156.0800018310547,7.93,16.16,30.15,53.85,0.0
149,2026,2026-08,2026-07-31,NASDAQ,Automatic Data Processing Inc. Common Stock,ADP,107288.6,263.8699951171875,17.83,24.5,6.91,-14.74,0.0
150,2026,2026-08,2026-07-31,NYSE,Southern Company (The) Common Stock,SO,106671.4,94.33999633789062,-1.43,-2.44,5.63,-0.15,0.0
151,2026,2026-08,2026-07-31,NASDAQ,Sanofi ADS,SNY,105065.8,42.88999938964844,0.54,-7.92,-8.82,-6.03,0.0
152,2026,2026-08,2026-07-31,NYSE,GSK plc American Depositary Shares (Each representing two Ordinary Shares),GSK,104678.9,52.06999969482422,-0.67,-0.46,0.91,40.16,0.0
153,2026,2026-08,2026-07-31,NYSE,Brookfield Corporation Class A Limited Voting Shares,BN,104230.4,42.029998779296875,-1.31,-6.85,-7.73,-5.97,0.0
154,2026,2026-08,2026-07-31,NYSE,General Dynamics Corporation Common Stock,GD,103737.0,382.20001220703125,7.89,11.01,8.86,22.65,0.0
155,2026,2026-08,2026-07-31,NYSE,McKesson Corporation Common Stock,MCK,102917.5,865.510009765625,14.55,6.17,4.13,24.8,0.0
156,2026,2026-08,2026-07-31,NYSE,Spotify Technology S.A. Ordinary Shares,SPOT,102903.9,522.6099853515625,13.83,17.03,4.45,-16.59,0.0
157,2026,2026-08,2026-07-31,NYSE,Equinor ASA,EQNR,102761.1,40.72999954223633,29.71,-0.05,51.69,58.17,0.0
158,2026,2026-08,2026-07-31,NYSE,Snowflake Inc. Common Stock,SNOW,101650.8,298.1000061035156,17.13,118.44,54.7,33.38,0.0
159,2026,2026-08,2026-07-31,NYSE,ING Group N.V. Common Stock,ING,101382.1,34.939998626708984,11.34,20.77,18.88,49.57,0.0
160,2026,2026-08,2026-07-31,NASDAQ,Equinix Inc. Common Stock REIT,EQIX,100574.1,1047.530029296875,0.49,-3.26,27.6,33.41,0.0
161,2026,2026-08,2026-07-31,NYSE,Trane Technologies plc,TT,100569.2,440.2799987792969,-10.36,-10.61,4.68,0.5,0.0
162,2026,2026-08,2026-07-31,NYSE,PNC Financial Services Group Inc. (The) Common Stock,PNC,100339.0,248.7100067138672,1.01,11.53,11.38,30.71,0.0
163,2026,2026-08,2026-07-31,NYSE,Quanta Services Inc. Common Stock,PWR,100144.1,657.97998046875,-8.62,-9.59,38.63,62.01,0.0
164,2026,2026-08,2026-07-31,NASDAQ,Adobe Inc. Common Stock,ADBE,99538.0,247.89999389648438,20.92,0.73,-15.46,-30.69,0.0
165,2026,2026-08,2026-07-31,NYSE,Canadian Natural Resources Limited Common Stock,CNQ,99459.1,47.279998779296875,19.7,-0.86,27.06,49.15,0.0
166,2026,2026-08,2026-07-31,NYSE,Newmont Corporation,NEM,98741.5,95.76000213623047,2.53,-13.8,-14.77,54.2,0.0
167,2026,2026-08,2026-07-31,NYSE,Cloudflare Inc. Class A Common Stock,NET,98610.0,283.3900146484375,15.54,38.26,59.79,36.46,0.0
168,2026,2026-08,2026-07-31,NASDAQ,Marriott International Class A Common Stock,MAR,98311.0,375.4800109863281,1.32,3.81,19.09,42.32,0.0
169,2026,2026-08,2026-07-31,NYSE,Duke Energy Corporation (Holding Company) Common Stock,DUK,97784.8,126.2699966430664,-0.24,-2.53,4.05,3.81,0.0
170,2026,2026-08,2026-07-31,NYSE,U.S. Bancorp Common Stock,USB,97736.8,62.900001525878906,4.14,11.01,12.1,39.9,0.0
171,2026,2026-08,2026-07-31,NASDAQ,CME Group Inc. Class A Common Stock,CME,96291.7,267.2200012207031,21.01,-7.16,-7.56,-3.97,0.0
172,2026,2026-08,2026-07-31,NYSE,Barclays PLC Common Stock,BCS,95604.4,27.700000762939453,3.13,18.33,3.55,41.18,0.0
173,2026,2026-08,2026-07-31,NASDAQ,Datadog Inc. Class A Common Stock,DDOG,95386.7,268.55999755859375,3.15,103.16,107.67,91.86,0.0
174,2026,2026-08,2026-07-31,NASDAQ,MercadoLibre Inc. Common Stock,MELI,95206.8,1885.72998046875,11.1,5.19,-12.2,-20.56,0.0
175,2026,2026-08,2026-07-31,NYSE,Blackstone Inc. Common Stock,BX,94902.9,128.07000732421875,8.84,1.98,-10.08,-25.95,0.0
176,2026,2026-08,2026-07-31,NASDAQ,Constellation Energy Corporation Common Stock,CEG,94902.7,263.55999755859375,6.12,-15.8,-6.1,-24.23,0.0
177,2026,2026-08,2026-07-31,NASDAQ,Monster Beverage Corporation,MNST,94260.4,97.6500015258789,1.59,26.7,20.91,66.21,0.0
178,2026,2026-08,2026-07-31,NASDAQ,Cadence Design Systems Inc. Common Stock,CDNS,93639.1,332.82000732421875,-11.32,0.98,12.3,-8.71,0.0
179,2026,2026-08,2026-07-31,NASDAQ,CSX Corporation Common Stock,CSX,93364.7,50.189998626708984,5.6,10.48,32.92,41.22,0.0
180,2026,2026-08,2026-07-31,NYSE,Itau Unibanco Banco Holding SA American Depositary Shares (Each repstg 500 Preferred shares),ITUB,93284.4,8.4399995803833,3.3,-2.99,-1.75,38.65,0.0
181,2026,2026-08,2026-07-31,NYSE,Vertiv Holdings LLC Class A Common Stock,VRT,93001.6,227.5,-32.05,-30.74,22.19,56.25,0.0
182,2026,2026-08,2026-07-31,NYSE,Valero Energy Corporation Common Stock,VLO,92910.3,311.7099914550781,19.69,23.41,71.81,127.01,0.0
183,2026,2026-08,2026-07-31,NYSE,Marathon Petroleum Corporation Common Stock,MPC,92389.2,314.0799865722656,22.85,26.5,78.26,84.55,0.0
184,2026,2026-08,2026-07-31,NYSE,Ferrari N.V. Common Shares,RACE,92143.7,397.7300109863281,6.83,14.52,19.38,-10.3,0.0
185,2026,2026-08,2026-07-31,NYSE,Lloyds Banking Group Plc American Depositary Shares,LYG,91445.7,6.25,7.2,14.89,4.69,48.1,0.0
186,2026,2026-08,2026-07-31,NASDAQ,Airbnb Inc. Class A Common Stock,ABNB,91321.8,152.0800018310547,6.28,8.35,17.55,14.86,0.0
187,2026,2026-08,2026-07-31,NYSE,KKR & Co. Inc. Common Stock,KKR,91071.3,100.9800033569336,10.02,-3.22,-11.62,-31.11,0.0
188,2026,2026-08,2026-07-31,NYSE,3M Company Common Stock,MMM,90911.5,176.07000732421875,8.75,20.17,14.96,17.99,0.0
189,2026,2026-08,2026-07-31,NYSE,Waste Management Inc. Common Stock,WM,90555.5,226.3300018310547,1.55,-2.67,1.84,-1.23,0.0
190,2026,2026-08,2026-07-31,NYSE,Marsh Common Stock,MRSH,90522.2,191.50999450683594,14.9,14.19,1.76,-3.86,0.0
191,2026,2026-08,2026-07-31,NYSE,Freeport-McMoRan Inc. Common Stock,FCX,90034.4,63.439998626708984,0.87,9.8,5.33,57.65,0.0
192,2026,2026-08,2026-07-31,NYSE,Johnson Controls International plc Ordinary Share,JCI,88838.0,143.8800048828125,-1.53,-1.47,20.64,37.03,0.0
193,2026,2026-08,2026-07-31,NYSE,United Parcel Service Inc. Common Stock,UPS,88587.7,105.2699966430664,-2.07,-3.24,-0.89,22.18,0.0
194,2026,2026-08,2026-07-31,NYSE,Cummins Inc. Common Stock,CMI,87512.7,632.97998046875,-11.25,-5.67,9.36,72.18,0.0
195,2026,2026-08,2026-07-31,NYSE,Williams Companies Inc. (The) Common Stock,WMB,87493.3,70.91000366210938,-4.61,-7.08,5.43,18.28,0.0
196,2026,2026-08,2026-07-31,NYSE,ENI S.p.A. Common Stock,E,87417.1,55.560001373291016,18.57,-1.89,35.78,63.22,0.0
197,2026,2026-08,2026-07-31,NYSE,HCA Healthcare Inc. Common Stock,HCA,87161.3,395.7900085449219,1.51,-8.9,-18.94,11.81,0.0
198,2026,2026-08,2026-07-31,NASDAQ,Intuit Inc. Common Stock,INTU,86456.8,315.5,20.88,-18.79,-36.76,-59.82,0.0
199,2026,2026-08,2026-07-31,NYSE,Intercontinental Exchange Inc. Common Stock,ICE,86229.3,156.27000427246094,26.94,-1.15,-10.08,-15.45,0.0
200,2026,2026-08,2026-07-31,NASDAQ,DoorDash Inc. Class A Common Stock,DASH,85470.6,197.52999877929688,7.04,17.12,-3.46,-21.07,0.0
201,2026,2026-08,2026-07-31,NYSE,Royal Caribbean Cruises Ltd. Common Stock,RCL,85130.0,321.94000244140625,1.39,22.06,-0.83,1.28,0.0
202,2026,2026-08,2026-07-31,NASDAQ,NetEase Inc. American Depositary Shares,NTES,85043.3,131.89999389648438,2.93,12.25,2.38,1.23,0.0
203,2026,2026-08,2026-07-31,NASDAQ,Comcast Corporation Class A Common Stock,CMCSA,85025.3,23.670000076293945,-3.58,-12.46,-20.44,-24.0,0.0
204,2026,2026-08,2026-07-31,NYSE,Phillips 66 Common Stock,PSX,84869.9,210.60000610351562,24.58,17.56,46.7,70.42,0.0
205,2026,2026-08,2026-07-31,NYSE,Emerson Electric Company Common Stock,EMR,83914.2,148.63999938964844,3.84,5.84,1.14,2.15,0.0
206,2026,2026-08,2026-07-31,NYSE,Moody's Corporation Common Stock,MCO,82855.4,482.260009765625,6.48,4.42,-6.46,-6.49,0.0
207,2026,2026-08,2026-07-31,NYSE,Sherwin-Williams Company (The) Common Stock,SHW,82744.1,344.8399963378906,0.15,7.22,-2.76,4.22,0.0
208,2026,2026-08,2026-07-31,NYSE,Illinois Tool Works Inc. Common Stock,ITW,82555.5,283.70001220703125,4.89,9.96,8.59,10.83,0.0
209,2026,2026-08,2026-07-31,NYSE,Enterprise Products Partners L.P. Common Stock,EPD,82321.9,38.119998931884766,3.7,-1.5,14.85,23.01,0.0
210,2026,2026-08,2026-07-31,NASDAQ,Cintas Corporation Common Stock,CTAS,81886.7,206.7899932861328,21.58,18.36,8.05,-7.08,0.0
211,2026,2026-08,2026-07-31,NYSE,Elevance Health Inc. Common Stock,ELV,81508.2,376.3999938964844,-2.67,-0.01,8.87,32.97,0.0
212,2026,2026-08,2026-07-31,NYSE,American Tower Corporation (REIT) Common Stock,AMT,80778.8,174.4600067138672,6.66,-4.52,-2.69,-16.28,0.0
213,2026,2026-08,2026-07-31,NASDAQ,Ross Stores Inc. Common Stock,ROST,80538.5,252.57000732421875,18.66,10.88,33.88,84.98,0.0
214,2026,2026-08,2026-07-31,NASDAQ,Regeneron Pharmaceuticals Inc. Common Stock,REGN,79953.4,738.3400268554688,18.41,4.42,-0.42,35.36,0.0
215,2026,2026-08,2026-07-31,NASDAQ,Mondelez International Inc. Class A Common Stock,MDLZ,79526.8,63.08000183105469,9.06,2.67,7.88,-2.49,0.0
216,2026,2026-08,2026-07-31,NYSE,Suncor Energy  Inc. Common Stock,SU,79440.5,66.7300033569336,24.31,-2.53,25.98,69.11,0.0
217,2026,2026-08,2026-07-31,NYSE,National Grid Transco PLC National Grid PLC (NEW) American Depositary Shares,NGG,79354.9,80.38999938964844,-2.99,-10.22,-5.72,14.21,0.0
218,2026,2026-08,2026-07-31,NYSE,Canadian Pacific Kansas City Limited Common Shares,CP,79313.3,88.16000366210938,1.74,1.38,18.59,19.86,0.0
219,2026,2026-08,2026-07-31,NYSE,Brookfield Asset Management Inc Class A Limited Voting Shares,BAM,79288.9,47.959999084472656,6.93,-0.1,-3.52,-22.23,0.0
220,2026,2026-08,2026-07-31,NYSE,EOG Resources Inc. Common Stock,EOG,79196.5,145.50999450683594,12.16,3.51,29.77,21.24,0.0
221,2026,2026-08,2026-07-31,NYSE,ASE Technology Holding Co. Ltd. American Depositary Shares (each representing Two Common Shares),ASX,78320.0,34.77000045776367,-22.94,10.7,83.19,266.0,0.0
222,2026,2026-08,2026-07-31,NYSE,Ecolab Inc. Common Stock,ECL,78135.5,279.3399963378906,0.26,7.19,-0.94,6.72,0.0
223,2026,2026-08,2026-07-31,NYSE,The Travelers Companies Inc. Common Stock,TRV,78082.1,375.989990234375,13.89,23.22,32.15,44.48,0.0
224,2026,2026-08,2026-07-31,NYSE,General Motors Company Common Stock,GM,77970.3,88.4000015258789,14.69,14.97,5.24,65.73,0.0
225,2026,2026-08,2026-07-31,NASDAQ,Robinhood Markets Inc. Class A Common Stock,HOOD,77947.7,86.5999984741211,-13.64,18.81,-12.95,-15.96,0.0
226,2026,2026-08,2026-07-31,NYSE,NatWest Group plc American Depositary Shares (each representing two (2) Ordinary Shares),NWG,77910.1,18.530000686645508,5.1,16.47,1.65,32.55,0.0
227,2026,2026-08,2026-07-31,NYSE,Northrop Grumman Corporation Common Stock,NOC,77066.4,534.8499755859375,5.01,-7.7,-22.74,-7.24,0.0
228,2026,2026-08,2026-07-31,NASDAQ,Honeywell International Inc. Common Stock,HON,77032.3,241.91000366210938,8.04,7.62,1.38,10.07,0.0
229,2026,2026-08,2026-07-31,NYSE,Canadian National Railway Company Common Stock,CNI,76847.6,127.12999725341797,6.62,13.38,32.12,36.04,0.0
230,2026,2026-08,2026-07-31,NYSE,Aon plc Class A Ordinary Shares (Ireland),AON,76481.8,366.57000732421875,10.52,17.62,4.84,3.05,0.0
231,2026,2026-08,2026-07-31,NYSE,America Movil S.A.B. de C.V. American Depositary Shares (each representing the right to receive twenty (20) Series B Shares,AMX,76297.2,25.31999969482422,-2.58,-4.81,22.32,40.12,0.0
232,2026,2026-08,2026-07-31,NYSE,Norfolk Southern Corporation Common Stock,NSC,75351.6,333.92999267578125,6.15,5.73,14.66,20.12,0.0
233,2026,2026-08,2026-07-31,NASDAQ,Synopsys Inc. Common Stock,SNPS,74439.5,372.3299865722656,-16.53,-22.85,-19.95,-41.22,0.0
234,2026,2026-08,2026-07-31,NYSE,Simon Property Group Inc. Common Stock,SPG,74382.4,230.44000244140625,3.04,13.12,20.45,40.69,0.0
235,2026,2026-08,2026-07-31,NYSE,Manulife Financial Corporation Common Stock,MFC,74165.5,44.54999923706055,9.97,13.39,16.9,43.9,0.0
236,2026,2026-08,2026-07-31,NASDAQ,O'Reilly Automotive Inc. Common Stock,ORLY,74045.7,87.36000061035156,-5.14,-12.11,-11.23,-11.15,0.0
237,2026,2026-08,2026-07-31,NYSE,The Cigna Group Common Stock,CI,73817.8,287.6600036621094,4.35,-1.0,4.94,7.58,0.0
238,2026,2026-08,2026-07-31,NYSE,Agnico Eagle Mines Limited Common Stock,AEM,73733.4,150.75,-2.82,-19.9,-20.87,21.22,0.0
239,2026,2026-08,2026-07-31,NYSE,SLB Limited Common Shares,SLB,73598.7,48.90999984741211,5.21,-14.01,1.1,44.7,0.0
240,2026,2026-08,2026-07-31,NYSE,Colgate-Palmolive Company Common Stock,CL,73057.3,91.5999984741211,-0.09,7.31,1.45,9.24,0.0
241,2026,2026-08,2026-07-31,NYSE,FedEx Corporation Common Stock,FDX,72727.9,308.54998779296875,-1.46,-5.06,18.82,71.33,0.0
242,2026,2026-08,2026-07-31,NYSE,Apollo Global Management Inc. (New) Common Stock,APO,72404.8,120.25,1.64,-6.58,-10.62,-17.25,0.0
243,2026,2026-08,2026-07-31,NYSE,Motorola Solutions Inc. Common Stock,MSI,72332.6,430.82000732421875,3.74,-1.87,7.03,-1.86,0.0
244,2026,2026-08,2026-07-31,NYSE,Hilton Worldwide Holdings Inc. Common Stock,HLT,72131.1,322.0199890136719,-2.55,-0.63,7.88,20.12,0.0
245,2026,2026-08,2026-07-31,NYSE,Kinder Morgan Inc. Common Stock,KMI,71658.5,31.65999984741211,-0.97,-3.68,3.84,12.83,0.0
246,2026,2026-08,2026-07-31,NYSE,Digital Realty Trust Inc. Common Stock,DLR,71010.8,193.19000244140625,7.58,-3.86,16.41,9.49,0.0
247,2026,2026-08,2026-07-31,NYSE,TC Energy Corporation Common Stock,TRP,70246.3,68.08999633789062,2.72,1.73,16.06,42.21,0.0
248,2026,2026-08,2026-07-31,NYSE,Transdigm Group Incorporated Common Stock,TDG,70162.0,1249.9100341796875,-6.17,7.75,-12.44,-22.29,0.0
249,2026,2026-08,2026-07-31,NYSE,Energy Transfer LP Common Units,ET,70062.0,20.239999771118164,5.86,0.25,9.7,12.2,0.0
250,2026,2026-08,2026-07-31,NASDAQ,Monolithic Power Systems Inc. Common Stock,MPWR,70060.9,1316.1800537109375,-4.79,-18.47,17.08,85.05,0.0
251,2026,2026-08,2026-07-31,NASDAQ,PACCAR Inc. Common Stock,PCAR,69838.1,133.75999450683594,11.36,12.59,8.83,35.44,0.0
252,2026,2026-08,2026-07-31,NYSE,Nu Holdings Ltd. Class A Ordinary Shares,NU,69581.8,14.489999771118164,8.46,0.07,-18.37,18.58,0.0
253,2026,2026-08,2026-07-31,NASDAQ,American Electric Power Company Inc. Common Stock,AEP,69563.8,127.77999877929688,-6.6,-6.8,6.68,12.94,0.0
254,2026,2026-08,2026-07-31,NYSE,Boston Scientific Corporation Common Stock,BSX,69457.4,46.0,7.78,-20.15,-50.82,-56.16,0.0
255,2026,2026-08,2026-07-31,NYSE,Deutsche Bank AG Common Stock,DB,69047.4,37.029998779296875,9.69,19.26,-5.58,12.28,0.0
256,2026,2026-08,2026-07-31,NYSE,Carvana Co. Class A Common Stock,CVNA,68624.9,61.439998626708984,-6.65,-22.39,-23.41,-21.27,0.0
257,2026,2026-08,2026-07-31,NYSE,Allstate Corporation (The) Common Stock,ALL,67979.7,265.3800048828125,11.53,22.15,33.36,30.57,0.0
258,2026,2026-08,2026-07-31,NYSE,United Rentals Inc. Common Stock,URI,67175.8,1068.6300048828125,-5.67,11.33,36.64,21.03,0.0
259,2026,2026-08,2026-07-31,NASDAQ,Warner Bros. Discovery Inc. Series A Common Stock,WBD,65937.7,25.469999313354492,-4.46,-5.84,-7.52,93.39,0.0
260,2026,2026-08,2026-07-31,NYSE,Air Products and Chemicals Inc. Common Stock,APD,65666.3,300.20001220703125,2.39,0.05,10.17,4.28,0.0
261,2026,2026-08,2026-07-31,NYSE,Target Corporation Common Stock,TGT,65626.1,144.50999450683594,10.64,11.38,37.02,43.79,0.0
262,2026,2026-08,2026-07-31,NASDAQ,Honeywell Aerospace Inc. Common Stock,HONA,65524.1,204.32000732421875,-7.58,0.0,0.0,0.0,0.0
263,2026,2026-08,2026-07-31,NYSE,Sea Limited American Depositary Shares each representing one Class A Ordinary Share,SE,65376.6,106.23999786376953,10.86,25.16,-8.8,-32.18,0.0
264,2026,2026-08,2026-07-31,NYSE,W.W. Grainger Inc. Common Stock,GWW,65258.9,1355.489990234375,-0.36,16.72,25.52,30.39,0.0
265,2026,2026-08,2026-07-31,NYSE,AFLAC Incorporated Common Stock,AFL,64885.4,127.36000061035156,8.62,12.04,14.79,28.18,0.0
266,2026,2026-08,2026-07-31,NYSE,Republic Services Inc. Common Stock,RSG,64778.7,211.3300018310547,-0.82,1.01,-1.75,-8.38,0.0
267,2026,2026-08,2026-07-31,NYSE,RELX PLC PLC American Depositary Shares (Each representing One Ordinary Share),RELX,64605.3,36.61000061035156,15.6,0.05,2.26,-29.45,0.0
268,2026,2026-08,2026-07-31,NYSE,Truist Financial Corporation Common Stock,TFC,64586.4,52.0099983215332,4.4,0.99,1.15,18.99,0.0
269,2026,2026-08,2026-07-31,NYSE,VALE S.A.  American Depositary Shares Each Representing one common share,VALE,64298.9,14.989999771118164,-0.33,-8.37,-6.72,57.29,0.0
270,2026,2026-08,2026-07-31,NYSE,Arthur J. Gallagher & Co. Common Stock,AJG,64076.0,256.4599914550781,11.71,24.25,2.84,-10.72,0.0
271,2026,2026-08,2026-07-31,NYSE,CRH PLC Ordinary Shares,CRH,63593.9,96.0,-10.28,-18.93,-21.58,0.58,0.0
272,2026,2026-08,2026-07-31,NYSE,Hewlett Packard Enterprise Company Common Stock,HPE,63429.3,47.13999938964844,4.5,63.85,119.05,127.84,0.0
273,2026,2026-08,2026-07-31,NYSE,Nike Inc. Common Stock,NKE,61876.7,42.290000915527344,3.02,-4.67,-31.58,-43.38,0.0
274,2026,2026-08,2026-07-31,NYSE,MetLife Inc. Common Stock,MET,61853.6,97.06999969482422,14.73,21.19,23.06,27.81,0.0
275,2026,2026-08,2026-07-31,NYSE,Barrick Mining Corporation Common Shares,B,61541.4,37.70000076293945,2.64,-4.17,-17.67,78.5,0.0
276,2026,2026-08,2026-07-31,NYSE,Comfort Systems USA Inc. Common Stock,FIX,60875.3,1697.8399658203125,-14.33,-7.74,48.66,141.41,0.0
277,2026,2026-08,2026-07-31,NYSE,Dominion Energy Inc. Common Stock,D,60831.9,69.7300033569336,2.11,8.11,15.89,19.3,0.0
278,2026,2026-08,2026-07-31,NYSE,Bloom Energy Corporation Class A Common Stock,BE,60616.7,207.1199951171875,-31.58,-26.91,36.83,453.94,0.0
279,2026,2026-08,2026-07-31,NYSE,Cencora Inc. Common Stock,COR,60574.6,312.2300109863281,10.34,1.37,-13.08,9.14,0.0
280,2026,2026-08,2026-07-31,NASDAQ,Baker Hughes Company Class A Common Stock,BKR,60046.9,59.900001525878906,7.93,-14.02,6.89,32.96,0.0
281,2026,2026-08,2026-07-31,NYSE,Realty Income Corporation Common Stock,O,59558.3,64.43000030517578,3.99,0.3,5.35,14.79,0.0
282,2026,2026-08,2026-07-31,NYSE,TE Connectivity plc Ordinary Shares,TEL,59550.0,206.5800018310547,2.47,-2.4,-7.27,0.4,0.0
283,2026,2026-08,2026-07-31,NYSE,MPLX LP Common Units Representing Limited Partner Interests,MPLX,59311.2,57.61000061035156,2.27,2.38,3.06,9.73,0.0
284,2026,2026-08,2026-07-31,NYSE,Nucor Corporation Common Stock,NUE,58595.5,257.0400085449219,15.39,14.09,44.63,79.66,0.0
285,2026,2026-08,2026-07-31,NYSE,Targa Resources Inc. Common Stock,TRGP,58033.3,268.3399963378906,0.07,3.18,33.52,61.25,0.0
286,2026,2026-08,2026-07-31,NYSE,DBA Sempra Common Stock,SRE,57885.8,89.58000183105469,-3.38,-5.82,2.95,9.67,0.0
287,2026,2026-08,2026-07-31,NASDAQ,NXP Semiconductors N.V. Common Stock,NXPI,57785.9,245.16000366210938,-12.76,-16.5,8.41,14.68,0.0
288,2026,2026-08,2026-07-31,NASDAQ,Teradyne Inc. Common Stock,TER,57559.0,365.489990234375,-24.46,6.41,51.62,240.21,0.0
289,2026,2026-08,2026-07-31,NYSE,Delta Air Lines Inc. Common Stock,DAL,57502.6,88.58999633789062,-5.41,30.3,34.45,66.49,0.0
290,2026,2026-08,2026-07-31,NYSE,Ford Motor Company Common Stock,F,57497.8,14.859999656677246,6.91,23.01,7.06,34.24,0.0
291,2026,2026-08,2026-07-31,NYSE,ONEOK Inc. Common Stock,OKE,57223.7,89.06999969482422,2.45,-3.67,12.48,8.48,0.0
292,2026,2026-08,2026-07-31,NASDAQ,Diamondback Energy Inc. Common Stock,FANG,57092.5,199.77000427246094,13.65,-2.85,21.85,34.38,0.0
293,2026,2026-08,2026-07-31,NYSE,Public Storage Common Stock,PSA,56931.1,317.45001220703125,-0.27,4.96,14.94,16.74,0.0
294,2026,2026-08,2026-07-31,NYSE,Occidental Petroleum Corporation Common Stock,OXY,56763.8,55.95000076293945,15.19,-7.64,23.27,27.33,0.0
295,2026,2026-08,2026-07-31,NYSE,Garmin Ltd. Common Stock (Switzerland),GRMN,56656.2,297.54998779296875,25.26,18.48,47.56,36.02,0.0
296,2026,2026-08,2026-07-31,NYSE,Cenovus Energy Inc Common Stock,CVE,56606.2,30.31999969482422,22.21,3.69,53.75,99.08,0.0
297,2026,2026-08,2026-07-31,NYSE,Southern Company (The) 2025 Series A Corporate Units,SOMN,56021.1,49.68000030517578,-0.12,-4.52,-3.06,0.0,0.0
298,2026,2026-08,2026-07-31,NASDAQ,Lumentum Holdings Inc. Common Stock,LITE,55544.5,693.239990234375,-19.21,-23.17,76.92,529.76,0.0
299,2026,2026-08,2026-07-31,NYSE,AMETEK Inc.,AME,55400.7,240.00999450683594,-0.8,1.92,7.16,29.84,0.0
300,2026,2026-08,2026-07-31,NYSE,Cheniere Energy Inc. Common Stock,LNG,55231.6,258.05999755859375,7.97,-6.14,22.0,9.4,0.0
301,2026,2026-08,2026-07-31,NASDAQ,Fastenal Company Common Stock,FAST,54747.1,46.65999984741211,-2.85,3.85,7.61,1.15,0.0
302,2026,2026-08,2026-07-31,NYSE,Keysight Technologies Inc. Common Stock,KEYS,54529.3,312.69000244140625,-10.68,-10.64,44.54,90.77,0.0
303,2026,2026-08,2026-07-31,NYSE,Cardinal Health Inc. Common Stock,CAH,53874.4,227.07000732421875,-4.42,17.73,5.67,46.29,0.0
304,2026,2026-08,2026-07-31,NYSE,Rockwell Automation Inc. Common Stock,ROK,53420.4,471.010009765625,-4.86,15.19,11.71,33.92,0.0
305,2026,2026-08,2026-07-31,NYSE,Arcelor Mittal NY Registry Shares NEW,MT,53385.4,69.33999633789062,15.14,21.2,28.48,119.22,0.0
306,2026,2026-08,2026-07-31,NYSE,Ciena Corporation Common Stock,CIEN,53372.5,372.07000732421875,-24.15,-29.48,47.76,300.76,0.0
307,2026,2026-08,2026-07-31,NASDAQ,Astera Labs Inc. Common Stock,ALAB,53347.3,299.69000244140625,-37.95,53.89,98.97,119.18,0.0
308,2026,2026-08,2026-07-31,NASDAQ,argenx SE American Depositary Shares,ARGX,52990.5,872.5800170898438,-5.95,11.62,3.82,30.17,0.0
309,2026,2026-08,2026-07-31,NASDAQ,Nasdaq Inc. Common Stock,NDAQ,52650.1,95.16000366210938,20.73,3.54,-1.79,-1.1,0.0
310,2026,2026-08,2026-07-31,NYSE,Corteva Inc. Common Stock,CTVA,52642.8,89.33999633789062,5.49,10.28,22.72,23.86,0.0
311,2026,2026-08,2026-07-31,NASDAQ,Electronic Arts Inc. Common Stock,EA,52622.7,209.58999633789062,2.22,3.57,2.78,37.45,0.0
312,2026,2026-08,2026-07-31,NYSE,Nokia Corporation Sponsored American Depositary Shares,NOK,52484.1,9.09000015258789,-31.55,-29.59,41.37,122.79,0.0
313,2026,2026-08,2026-07-31,NYSE,Devon Energy Corporation Common Stock,DVN,52053.1,44.16999816894531,6.9,-14.02,9.85,32.96,0.0
314,2026,2026-08,2026-07-31,NYSE,L3Harris Technologies Inc. Common Stock,LHX,51614.9,271.8999938964844,-6.43,-15.18,-20.69,-1.06,0.0
315,2026,2026-08,2026-07-31,NASDAQ,Medline Inc. Class A Common Stock,MDLN,51601.7,39.119998931884766,-0.81,-12.03,-11.49,0.0,0.0
316,2026,2026-08,2026-07-31,NYSE,Coherent Corp. Common Stock,COHR,51431.6,249.05999755859375,-36.86,-22.1,17.38,131.47,0.0
317,2026,2026-08,2026-07-31,NYSE,Fifth Third Bancorp Common Stock,FITB,51206.6,56.59000015258789,0.39,11.49,12.68,36.13,0.0
318,2026,2026-08,2026-07-31,NYSE,State Street Corporation Common Stock,STT,50969.4,182.82000732421875,7.79,19.62,39.71,63.6,0.0
319,2026,2026-08,2026-07-31,NYSE,Carrier Global Corporation Common Stock,CARR,50951.5,61.38999938964844,-16.31,-8.61,3.04,-10.54,0.0
320,2026,2026-08,2026-07-31,NASDAQ,eBay Inc. Common Stock,EBAY,50735.7,113.5199966430664,1.58,9.7,24.45,23.73,0.0
321,2026,2026-08,2026-07-31,NYSE,Vistra Corp. Common Stock,VST,49967.1,148.6199951171875,-6.31,-5.84,-6.14,-28.73,0.0
322,2026,2026-08,2026-07-31,NYSE,Heico Corporation Common Stock,HEI,49796.9,354.1700134277344,-0.57,31.21,7.03,8.38,0.0
323,2026,2026-08,2026-07-31,NASDAQ,Coca-Cola Europacific Partners plc Ordinary Shares,CCEP,49692.9,111.70999908447266,11.63,18.12,21.82,15.26,0.0
324,2026,2026-08,2026-07-31,NYSE,Edwards Lifesciences Corporation Common Stock,EW,49559.1,86.91999816894531,-3.91,4.1,6.83,9.6,0.0
325,2026,2026-08,2026-07-31,NYSE,Wheaton Precious Metals Corp Common Shares (Canada),WPM,49510.2,113.37999725341797,0.94,-10.34,-14.02,23.9,0.0
326,2026,2026-08,2026-07-31,NASDAQ,Autodesk Inc. Common Stock,ADSK,49416.2,234.97000122070312,20.86,-0.86,-7.08,-22.48,0.0
327,2026,2026-08,2026-07-31,NYSE,Entergy Corporation Common Stock,ETR,49277.8,108.02999877929688,-5.95,-8.38,12.66,19.46,0.0
328,2026,2026-08,2026-07-31,NYSE,AutoZone Inc. Common Stock,AZO,49241.4,3006.570068359375,-5.93,-18.83,-18.84,-20.22,0.0
329,2026,2026-08,2026-07-31,NYSE,Westinghouse Air Brake Technologies Corporation Common Stock,WAB,49129.4,292.4599914550781,8.48,8.36,27.08,52.28,0.0
330,2026,2026-08,2026-07-31,NYSE,Ameriprise Financial Inc. Common Stock,AMP,49069.4,544.4600219726562,18.68,14.67,3.28,5.07,0.0
331,2026,2026-08,2026-07-31,NYSE,Ambev S.A. American Depositary Shares (Each representing 1 Common Share),ABEV,49018.7,3.119999885559082,-0.64,6.85,12.23,43.12,0.0
332,2026,2026-08,2026-07-31,NYSE,Diageo plc Common Stock,DEO,49014.5,89.05999755859375,10.8,10.43,-4.03,-9.08,0.0
333,2026,2026-08,2026-07-31,NASDAQ,PayPal Holdings Inc. Common Stock,PYPL,48940.9,57.650001525878906,33.51,14.98,9.41,-16.16,0.0
334,2026,2026-08,2026-07-31,NASDAQ,Xcel Energy Inc. Common Stock,XEL,48817.9,78.2300033569336,-2.58,-5.69,2.85,6.52,0.0
335,2026,2026-08,2026-07-31,NYSE,Infosys Limited American Depositary Shares,INFY,48798.0,11.949999809265137,13.92,-4.09,-32.03,-28.53,0.0
336,2026,2026-08,2026-07-31,NYSE,Block Inc. Class A Common Stock,XYZ,48367.2,82.58999633789062,8.67,17.13,36.67,6.9,0.0
337,2026,2026-08,2026-07-31,NASDAQ,Nebius Group N.V. Class A Ordinary Shares,NBIS,48344.8,188.42999267578125,-31.77,36.32,121.19,246.19,0.0
338,2026,2026-08,2026-07-31,NYSE,United Microelectronics Corporation (NEW) Common Stock,UMC,47910.5,18.940000534057617,-30.39,45.02,86.05,176.9,0.0
339,2026,2026-08,2026-07-31,NYSE,Chipotle Mexican Grill Inc. Common Stock,CMG,47743.4,38.52000045776367,13.29,13.33,-0.9,-10.17,0.0
340,2026,2026-08,2026-07-31,NASDAQ,Exelon Corporation Common Stock,EXC,46883.4,45.58000183105469,-2.23,-0.89,1.79,1.42,0.0
341,2026,2026-08,2026-07-31,NASDAQ,Ferrovial N.V. Ordinary Shares,FER,46836.7,65.12000274658203,-5.09,-5.5,-4.22,27.44,0.0
342,2026,2026-08,2026-07-31,NYSE,STMicroelectronics N.V. Common Stock,STM,46760.4,53.060001373291016,-29.15,-3.77,90.25,108.65,0.0
343,2026,2026-08,2026-07-31,NYSE,Pacific Gas & Electric Co. Common Stock,PCG,46580.3,17.780000686645508,5.71,6.98,15.3,26.82,0.0
344,2026,2026-08,2026-07-31,NYSE,Viking Holdings Ltd Ordinary Shares,VIK,46517.8,104.44999694824219,-0.21,27.52,44.77,77.88,0.0
345,2026,2026-08,2026-07-31,NYSE,Sun Life Financial Inc. Common Stock,SLF,46231.7,82.7699966430664,5.55,14.83,31.3,35.69,0.0
346,2026,2026-08,2026-07-31,NYSE,Ferguson Enterprises Inc. Common Stock,FERG,45822.3,226.36000061035156,-4.62,-15.45,-10.34,1.36,0.0
347,2026,2026-08,2026-07-31,NYSE,Becton Dickinson and Company Common Stock,BDX,45635.0,165.4499969482422,9.33,11.01,3.43,18.07,0.0
348,2026,2026-08,2026-07-31,NYSE,Ventas Inc. Common Stock,VTR,45461.7,91.91999816894531,3.51,4.62,18.35,36.83,0.0
349,2026,2026-08,2026-07-31,NYSE,ORIX Corporation American Depositary Shares,IX,45312.7,40.400001525878906,6.2,20.2,32.33,79.16,0.0
350,2026,2026-08,2026-07-31,NASDAQ,Take-Two Interactive Software Inc. Common Stock,TTWO,45102.1,247.42999267578125,-1.02,15.75,12.32,11.09,0.0
351,2026,2026-08,2026-07-31,NASDAQ,JD.com Inc. American Depositary Shares,JD,45085.7,32.310001373291016,26.81,6.56,13.45,2.6,0.0
352,2026,2026-08,2026-07-31,NYSE,Woodside Energy Group Limited American Depositary Shares each representing one Ordinary Share,WDS,44599.8,23.3799991607666,21.01,-1.97,32.69,38.1,0.0
353,2026,2026-08,2026-07-31,NASDAQ,Cerebras Systems Inc. Class A Common Stock,CBRS,44282.6,203.07000732421875,-8.11,0.0,0.0,0.0,0.0
354,2026,2026-08,2026-07-31,NASDAQ,Old Dominion Freight Line Inc. Common Stock,ODFL,44118.4,212.47000122070312,-1.91,0.02,22.67,42.36,0.0
355,2026,2026-08,2026-07-31,NASDAQ,IDEXX Laboratories Inc. Common Stock,IDXX,44101.1,558.7999877929688,6.15,-0.36,-16.65,4.58,0.0
356,2026,2026-08,2026-07-31,NYSE,Haleon plc American Depositary Shares (Each representing two Ordinary Shares),HLN,43953.4,10.109999656677246,8.36,9.42,-3.44,7.21,0.0
357,2026,2026-08,2026-07-31,NYSE,Humana Inc. Common Stock,HUM,43692.4,366.6600036621094,-7.69,55.08,87.84,46.74,0.0
358,2026,2026-08,2026-07-31,NYSE,Fomento Economico Mexicano S.A.B. de C.V. Common Stock,FMX,43603.8,126.76000213623047,-0.89,7.21,21.46,40.13,0.0
359,2026,2026-08,2026-07-31,NASDAQ,Thomson Reuters Corporation Common Shares,TRI,42804.8,98.83000183105469,21.01,3.28,-10.67,-50.81,0.0
360,2026,2026-08,2026-07-31,NYSE,Waste Connections Inc. Common Shares,WCN,42719.6,166.27000427246094,-0.25,0.94,-0.79,-10.93,0.0
361,2026,2026-08,2026-07-31,NASDAQ,Axon Enterprise Inc. Common Stock,AXON,42538.6,525.2999877929688,-6.3,30.75,8.63,-30.47,0.0
362,2026,2026-08,2026-07-31,NYSE,CBRE Group Inc Common Stock Class A,CBRE,42512.5,149.4600067138672,10.97,4.72,-12.25,-4.03,0.0
363,2026,2026-08,2026-07-31,NYSE,Prudential Financial Inc. Common Stock,PRU,42361.8,122.7699966430664,13.75,25.14,10.49,18.53,0.0
364,2026,2026-08,2026-07-31,NYSE,Banco Santander Brasil SA American Depositary Shares each representing one unit,BSBR,42361.7,5.050000190734863,-3.81,-13.82,-27.02,6.99,0.0
365,2026,2026-08,2026-07-31,NASDAQ,Keurig Dr Pepper Inc. Common Stock,KDP,42340.6,31.56999969482422,-3.54,7.38,15.05,-3.31,0.0
366,2026,2026-08,2026-07-31,NYSE,Ares Management Corporation Class A Common Stock,ARES,42250.2,124.12000274658203,11.51,5.72,-17.07,-33.1,0.0
367,2026,2026-08,2026-07-31,NYSE,KB Financial Group Inc,KB,42248.8,121.08999633789062,15.37,8.87,28.86,52.99,0.0
368,2026,2026-08,2026-07-31,NYSE,Yum! Brands Inc.,YUM,42247.2,157.0,-1.79,-1.66,0.96,8.91,0.0
369,2026,2026-08,2026-07-31,NASDAQ,Huntington Bancshares Incorporated Depositary Shares each representing a 1/1000th interest in a share of Huntington Series I Preferred Stock,HBANM,42044.8,20.8700008392334,1.02,-6.12,-7.94,-8.63,0.0
370,2026,2026-08,2026-07-31,NASDAQ,Flex Ltd. Ordinary Shares,FLEX,41676.8,111.91000366210938,-30.95,22.24,77.52,124.4,0.0
371,2026,2026-08,2026-07-31,NYSE,American International Group Inc. New Common Stock,AIG,41663.6,78.88999938964844,5.85,5.47,5.36,1.62,0.0
372,2026,2026-08,2026-07-31,NYSE,MSCI Inc. Common Stock,MSCI,41601.8,575.739990234375,2.8,-2.65,-5.5,2.56,0.0
373,2026,2026-08,2026-07-31,NASDAQ,Paychex Inc. Common Stock,PAYX,41558.0,116.33000183105469,18.31,25.59,12.8,-19.4,0.0
374,2026,2026-08,2026-07-31,NYSE,Franco-Nevada Corporation,FNV,41072.3,221.36000061035156,6.2,-3.9,-5.55,38.93,0.0
375,2026,2026-08,2026-07-31,NYSE,Live Nation Entertainment Inc. Common Stock,LYV,41015.8,183.55999755859375,0.25,16.22,26.2,24.28,0.0
376,2026,2026-08,2026-07-31,NYSE,Teva Pharmaceutical Industries Limited American Depositary Shares,TEVA,40797.0,35.40999984741211,4.52,0.97,3.9,129.19,0.0
377,2026,2026-08,2026-07-31,NYSE,Sysco Corporation Common Stock,SYY,40760.3,84.70999908447266,1.35,13.39,1.03,6.42,0.0
378,2026,2026-08,2026-07-31,NASDAQ,Microchip Technology Incorporated Common Stock,MCHP,40340.1,75.01000213623047,-17.75,-19.27,-1.2,10.98,0.0
379,2026,2026-08,2026-07-31,NYSE,Consolidated Edison Inc. Common Stock,ED,40114.5,109.66000366210938,-0.88,-1.64,2.84,5.95,0.0
380,2026,2026-08,2026-07-31,NYSE,D.R. Horton Inc. Common Stock,DHI,40014.1,145.52999877929688,-10.65,-5.41,-2.22,1.88,0.0
381,2026,2026-08,2026-07-31,NYSE,AngloGold Ashanti PLC Ordinary Shares,AU,39939.8,82.33000183105469,1.78,-12.16,-11.35,78.01,0.0
382,2026,2026-08,2026-07-31,NASDAQ,Revolution Medicines Inc. Common Stock,RVMD,39868.2,192.1699981689453,2.61,33.34,98.22,415.62,0.0
383,2026,2026-08,2026-07-31,NASDAQ,Workday Inc. Class A Common Stock,WDAY,39604.0,158.11000061035156,29.15,29.17,-9.98,-31.07,0.0
384,2026,2026-08,2026-07-31,NASDAQ,Roper Technologies Inc. Common Stock,ROP,39556.6,389.25,15.03,9.71,4.85,-29.28,0.0
385,2026,2026-08,2026-07-31,NASDAQ,United Airlines Holdings Inc. Common Stock,UAL,39381.7,123.55999755859375,-9.14,37.29,20.76,39.92,0.0
386,2026,2026-08,2026-07-31,NASDAQ,BrightSpring Health Services Inc. Tangible Equity Unit,BTSGU,39354.4,240.6999969482422,5.13,52.3,80.39,232.6,0.0
387,2026,2026-08,2026-07-31,NASDAQ,CoreWeave Inc. Class A Common Stock,CRWV,39155.6,73.9000015258789,-25.76,-33.78,-20.7,-35.25,0.0
388,2026,2026-08,2026-07-31,NYSE,Agilent Technologies Inc. Common Stock,A,39080.1,138.7100067138672,4.43,20.04,3.63,20.82,0.0
389,2026,2026-08,2026-07-31,NYSE,Honda Motor Company Ltd. Common Stock,HMC,39068.5,30.719999313354492,13.32,26.21,1.29,-1.66,0.0
390,2026,2026-08,2026-07-31,NYSE,IQVIA Holdings Inc. Common Stock,IQV,38684.3,237.7899932861328,23.07,50.15,3.32,27.94,0.0
391,2026,2026-08,2026-07-31,NYSE,Prudential Public Limited Company Common Stock,PUK,38660.8,30.979999542236328,15.55,2.48,-6.09,21.39,0.0
392,2026,2026-08,2026-07-31,NASDAQ,Credo Technology Group Holding Ltd Ordinary Shares,CRDO,38599.1,201.0800018310547,-26.06,15.56,60.5,80.26,0.0
393,2026,2026-08,2026-07-31,NASDAQ,Coinbase Global Inc. Class A Common Stock,COIN,38526.5,163.5800018310547,11.9,-12.88,-16.0,-56.7,0.0
394,2026,2026-08,2026-07-31,NYSE,The Hartford Insurance Group Inc. Common Stock,HIG,38439.4,143.0500030517578,7.95,4.56,5.92,15.0,0.0
395,2026,2026-08,2026-07-31,NASDAQ,Natera Inc. Common Stock,NTRA,38347.4,269.6600036621094,-0.66,30.8,16.67,101.75,0.0
396,2026,2026-08,2026-07-31,NYSE,Public Service Enterprise Group Incorporated Common Stock,PEG,38211.3,77.55000305175781,-4.45,-5.03,-5.84,-13.63,0.0
397,2026,2026-08,2026-07-31,NYSE,Archer-Daniels-Midland Company Common Stock,ADM,38204.7,80.61000061035156,5.51,8.14,19.76,48.78,0.0
398,2026,2026-08,2026-07-31,NYSE,Banco Bradesco Sa American Depositary Shares,BBD,38183.0,3.5899999141693115,3.46,-7.47,-11.36,29.6,0.0
399,2026,2026-08,2026-07-31,NYSE,Celestica Inc. Common Stock,CLS,38106.7,352.5899963378906,-3.35,-13.92,25.48,76.42,0.0
400,2026,2026-08,2026-07-31,NYSE,Carnival Corporation Ltd. Common Shares,CCL,38089.9,27.770000457763672,-2.8,4.75,-7.5,-6.72,0.0
401,2026,2026-08,2026-07-31,NYSE,Credicorp Ltd. Common Stock,BAP,37807.7,402.2699890136719,3.26,24.09,12.73,69.73,0.0
402,2026,2026-08,2026-07-31,NASDAQ,Baidu Inc. ADS,BIDU,37805.5,107.4800033569336,-5.96,-15.06,-29.83,22.32,0.0
403,2026,2026-08,2026-07-31,NYSE,Cameco Corporation Common Stock,CCJ,37621.3,88.2300033569336,-13.38,-28.29,-28.5,17.75,0.0
404,2026,2026-08,2026-07-31,NASDAQ,Elbit Systems Ltd. Ordinary Shares,ESLT,37609.4,785.9600219726562,3.59,-6.36,11.87,68.4,0.0
405,2026,2026-08,2026-07-31,NASDAQ,Rocket Lab Corporation Common Stock,RKLB,37597.4,64.68000030517578,-36.37,-21.61,-19.22,40.85,0.0
406,2026,2026-08,2026-07-31,NASDAQ,Vodafone Group Plc American Depositary Shares,VOD,37491.7,16.139999389648438,22.0,2.15,10.17,49.31,0.0
407,2026,2026-08,2026-07-31,NYSE,Waters Corporation Common Stock,WAT,37046.5,380.29998779296875,1.4,22.98,2.58,31.7,0.0
408,2026,2026-08,2026-07-31,NYSE,Kenvue Inc. Common Stock,KVUE,36941.0,19.309999465942383,1.05,10.15,10.98,-9.93,0.0
409,2026,2026-08,2026-07-31,NYSE,Rocket Companies Inc. Class A Common Stock,RKT,36499.6,13.260000228881836,-15.81,-9.3,-26.05,-10.22,0.0
410,2026,2026-08,2026-07-31,NYSE,Iron Mountain Incorporated (Delaware)Common Stock REIT,IRM,36393.2,124.63999938964844,-1.32,-1.07,35.29,28.02,0.0
411,2026,2026-08,2026-07-31,NASDAQ,Kimberly-Clark Corporation Common Stock,KMB,36284.4,110.19000244140625,0.38,11.95,10.2,-11.58,0.0
412,2026,2026-08,2026-07-31,NYSE,M&T Bank Corporation Common Stock,MTB,36068.0,247.0,3.78,12.98,11.48,30.9,0.0
413,2026,2026-08,2026-07-31,NASDAQ,Steel Dynamics Inc.,STLD,36012.6,252.5,10.04,10.43,40.61,97.95,0.0
414,2026,2026-08,2026-07-31,NYSE,WEC Energy Group Inc. Common Stock,WEC,35640.9,110.05000305175781,-5.75,-6.69,-0.56,0.89,0.0
415,2026,2026-08,2026-07-31,NYSE,The Hershey Company Common Stock,HSY,35507.7,177.22999572753906,1.01,-4.58,-9.0,-4.78,0.0
416,2026,2026-08,2026-07-31,NYSE,EMCOR Group Inc. Common Stock,EME,35438.0,802.3699951171875,-3.31,-10.01,11.33,27.87,0.0
417,2026,2026-08,2026-07-31,NASDAQ,Expedia Group Inc. Common Stock,EXPE,35375.3,292.92999267578125,14.48,17.94,10.61,62.54,0.0
418,2026,2026-08,2026-07-31,NYSE,Kroger Company (The) Common Stock,KR,35374.3,57.86000061035156,4.2,-15.0,-7.94,-17.46,0.0
419,2026,2026-08,2026-07-31,NYSE,PPL Corporation Corporate Units,PPLC,35345.4,48.0,-2.18,-4.84,0.0,0.0,0.0
420,2026,2026-08,2026-07-31,NASDAQ,BeOne Medicines Ltd. American Depositary Shares,ONC,35132.1,322.0799865722656,13.02,9.08,-5.38,6.96,0.0
421,2026,2026-08,2026-07-31,NASDAQ,Arch Capital Group Ltd. Common Stock,ACGL,35124.1,101.13999938964844,4.2,7.07,5.31,17.52,0.0
422,2026,2026-08,2026-07-31,NASDAQ,NetApp Inc. Common Stock,NTAP,35027.8,173.97999572753906,12.42,57.06,80.57,67.08,0.0
423,2026,2026-08,2026-07-31,NYSE,Vulcan Materials Company (Holding Company) Common Stock,VMC,34801.0,271.239990234375,-8.06,-10.11,-9.75,-1.25,0.0
424,2026,2026-08,2026-07-31,NYSE,TKO Group Holdings Inc. Class A Common Stock,TKO,34748.7,183.80999755859375,-8.69,-1.23,-9.27,9.4,0.0
425,2026,2026-08,2026-07-31,NYSE,Ecopetrol S.A. American Depositary Shares,EC,34476.3,17.040000915527344,19.66,20.34,35.56,102.86,0.0
426,2026,2026-08,2026-07-31,NYSE,Alcon Inc. Ordinary Shares,ALC,34449.3,69.61000061035156,3.74,-7.03,-14.04,-20.49,0.0
427,2026,2026-08,2026-07-31,NYSE,Raymond James Financial Inc. Common Stock,RJF,34295.5,174.97000122070312,15.09,10.52,5.49,4.69,0.0
428,2026,2026-08,2026-07-31,NYSE,Restaurant Brands International Inc. Common Shares,QSR,33778.1,74.33999633789062,2.52,-7.86,10.97,9.55,0.0
429,2026,2026-08,2026-07-31,NASDAQ,Northern Trust Corporation Common Stock,NTRS,33713.8,182.50999450683594,4.99,9.72,22.14,40.39,0.0
430,2026,2026-08,2026-07-31,NYSE,Ubiquiti Inc. Common Stock,UI,33681.8,533.22998046875,-0.15,-47.31,-3.3,22.45,0.0
431,2026,2026-08,2026-07-31,NASDAQ,Royalty Pharma plc Class A Ordinary Shares,RPRX,33645.9,59.02000045776367,5.26,17.83,41.6,60.38,0.0
432,2026,2026-08,2026-07-31,NYSE,Shinhan Financial Group Co Ltd American Depositary Shares,SHG,33367.6,72.3499984741211,14.39,5.1,24.04,48.56,0.0
433,2026,2026-08,2026-07-31,NYSE,EQT Corporation Common Stock,EQT,33333.7,52.709999084472656,-0.87,-12.27,-8.7,-1.93,0.0
434,2026,2026-08,2026-07-31,NYSE,Crown Castle Inc. Common Stock,CCI,33301.3,76.51000213623047,1.03,-13.82,-11.86,-27.2,0.0
435,2026,2026-08,2026-07-31,NYSE,Nutrien Ltd. Common Shares,NTR,33289.1,70.72000122070312,12.34,-6.95,2.66,19.22,0.0
436,2026,2026-08,2026-07-31,NYSE,Veeva Systems Inc. Class A Common Stock,VEEV,33256.6,201.55999755859375,13.57,29.23,-1.16,-29.08,0.0
437,2026,2026-08,2026-07-31,NYSE,Venture Global Inc. Class A common stock,VG,33240.7,13.239999771118164,18.96,-0.23,35.1,-13.63,0.0
438,2026,2026-08,2026-07-31,NASDAQ,Ericsson American Depositary Shares,ERIC,33073.0,9.770000457763672,-12.38,-17.27,-9.54,35.32,0.0
439,2026,2026-08,2026-07-31,NYSE,Chunghwa Telecom Co. Ltd.,CHT,33054.5,42.68000030517578,-3.57,-1.52,0.47,-1.66,0.0
440,2026,2026-08,2026-07-31,NYSE,Jabil Inc. Common Stock,JBL,33013.2,308.5199890136719,-19.96,-8.58,30.07,38.24,0.0
441,2026,2026-08,2026-07-31,NASDAQ,Strategy Inc Common Stock Class A,MSTR,32689.8,97.73999786376953,12.44,-40.92,-34.71,-75.68,0.0
442,2026,2026-08,2026-07-31,NYSE,Ingersoll Rand Inc. Common Stock,IR,32629.7,84.31999969482422,2.84,5.58,-2.06,-0.37,0.0
443,2026,2026-08,2026-07-31,NYSE,Zoetis Inc. Class A Common Stock,ZTS,32402.1,76.02999877929688,5.8,-33.87,-39.09,-47.85,0.0
444,2026,2026-08,2026-07-31,NASDAQ,Casey's General Stores Inc. Common Stock,CASY,32231.3,867.5,9.15,5.52,43.03,66.79,0.0
445,2026,2026-08,2026-07-31,NASDAQ,DexCom Inc. Common Stock,DXCM,32201.1,74.54000091552734,10.68,25.17,2.05,-7.71,0.0
446,2026,2026-08,2026-07-31,NASDAQ,ON Semiconductor Corporation Common Stock,ON,31983.2,83.73999786376953,-11.42,-16.93,39.82,48.58,0.0
447,2026,2026-08,2026-07-31,NYSE,Cheniere Energy Partners LP Common Units,CQP,31899.2,65.05999755859375,6.74,-2.92,15.38,12.81,0.0
448,2026,2026-08,2026-07-31,NASDAQ,Willis Towers Watson Public Limited Company Ordinary Shares,WTW,31727.0,336.04998779296875,28.57,31.17,5.85,6.41,0.0
449,2026,2026-08,2026-07-31,NYSE,Las Vegas Sands Corp. Common Stock,LVS,31666.1,49.869998931884766,7.97,-8.68,-5.42,-4.83,0.0
450,2026,2026-08,2026-07-31,NYSE,Martin Marietta Materials Inc. Common Stock,MLM,31642.9,540.0,-6.36,-12.77,-17.17,-6.07,0.0
451,2026,2026-08,2026-07-31,NASDAQ,Strategy Inc Variable Rate Series A Perpetual Stretch Preferred Stock,STRC,31351.1,89.5,5.47,-10.28,-9.59,-5.27,0.0
452,2026,2026-08,2026-07-31,NYSE,Extra Space Storage Inc Common Stock,EXR,31275.1,148.2100067138672,2.0,3.4,7.42,10.31,0.0
453,2026,2026-08,2026-07-31,NASDAQ,Illumina Inc. Common Stock,ILMN,31031.6,205.08999633789062,16.64,61.82,41.63,99.68,0.0
454,2026,2026-08,2026-07-31,NASDAQ,Ryanair Holdings plc American Depositary Shares,RYAAY,30789.9,60.16999816894531,-7.07,10.1,-14.77,-3.37,0.0
455,2026,2026-08,2026-07-31,NYSE,Tapestry Inc. Common Stock,TPR,30785.6,152.5800018310547,4.24,5.2,20.23,41.24,0.0
456,2026,2026-08,2026-07-31,NYSE,Centene Corporation Common Stock,CNC,30736.4,60.84000015258789,-5.22,13.32,40.44,133.37,0.0
457,2026,2026-08,2026-07-31,NYSE,Tenaris S.A. American Depositary Shares,TS,30728.7,56.72999954223633,2.23,-11.22,28.06,62.36,0.0
458,2026,2026-08,2026-07-31,NASDAQ,GE HealthCare Technologies Inc. Common Stock,GEHC,30723.7,69.94000244140625,9.26,14.96,-11.43,-1.93,0.0
459,2026,2026-08,2026-07-31,NASDAQ,The Kraft Heinz Company Common Stock,KHC,30652.4,26.3799991607666,11.69,16.42,11.12,-3.93,0.0
460,2026,2026-08,2026-07-31,NYSE,ResMed Inc. Common Stock,RMD,30604.0,208.55999755859375,7.02,-2.46,-19.26,-23.31,0.0
461,2026,2026-08,2026-07-31,NYSE,Teledyne Technologies Incorporated Common Stock,TDY,30389.4,649.1799926757812,-2.66,0.52,4.66,17.81,0.0
462,2026,2026-08,2026-07-31,NYSE,Estee Lauder Companies Inc. (The) Common Stock,EL,30354.6,84.87999725341797,7.51,10.65,-26.37,-9.06,0.0
463,2026,2026-08,2026-07-31,NYSE,Ameren Corporation Common Stock,AEE,30334.7,108.75,-3.8,-4.31,5.3,7.53,0.0
464,2026,2026-08,2026-07-31,NYSE,Citizens Financial Group Inc. Common Stock,CFG,30299.5,71.7300033569336,2.37,10.27,13.89,50.31,0.0
465,2026,2026-08,2026-07-31,NASDAQ,Biogen Inc. Common Stock,BIIB,29986.7,207.92999267578125,-3.76,9.85,15.59,62.45,0.0
466,2026,2026-08,2026-07-31,NYSE,Twilio Inc. Class A Common Stock,TWLO,29952.6,190.94000244140625,-7.46,28.96,58.51,48.02,0.0
467,2026,2026-08,2026-07-31,NYSE,AXIA Energia American Depositary Shares (Each representing one Common Share),AXIA,29643.3,10.5,-0.57,-16.33,1.74,55.33,0.0
468,2026,2026-08,2026-07-31,NASDAQ,Trip.com Group Limited American Depositary Shares,TCOM,29602.4,46.47999954223633,16.67,-14.26,-24.26,-24.97,0.0
469,2026,2026-08,2026-07-31,NYSE,DTE Energy Company Common Stock,DTE,29521.5,141.6999969482422,-7.0,-6.59,5.45,2.38,0.0
470,2026,2026-08,2026-07-31,NYSE,Teck Resources Ltd Ordinary Shares,TECK,29490.1,62.4900016784668,5.1,6.95,16.24,92.51,0.0
471,2026,2026-08,2026-07-31,NYSE,Sunbelt Rentals Holdings Inc. Common Stock,SUNB,29470.0,72.52999877929688,-3.05,-5.23,0.0,0.0,0.0
472,2026,2026-08,2026-07-31,NYSE,Coupang Inc. Class A Common Stock,CPNG,29349.3,16.09000015258789,-7.37,-19.47,-20.19,-45.33,0.0
473,2026,2026-08,2026-07-31,NYSE,Fortis Inc. Common Shares,FTS,29020.6,57.470001220703125,0.42,0.45,7.76,17.36,0.0
474,2026,2026-08,2026-07-31,NYSE,Gold Fields Limited American Depositary Shares,GFI,29016.7,33.529998779296875,-0.18,-21.07,-33.1,37.64,0.0
475,2026,2026-08,2026-07-31,NYSE,VICI Properties Inc. Common Stock,VICI,29013.4,26.309999465942383,-0.9,-9.9,-6.3,-19.29,0.0
476,2026,2026-08,2026-07-31,NYSE,Atmos Energy Corporation Common Stock,ATO,28840.4,174.25999450683594,1.16,-8.27,4.76,11.76,0.0
477,2026,2026-08,2026-07-31,NASDAQ,Fiserv Inc. Common Stock,FISV,28763.7,54.06999969482422,10.23,-13.7,-15.16,-61.08,0.0
478,2026,2026-08,2026-07-31,NYSE,Mettler-Toledo International Inc. Common Stock,MTD,28620.0,1380.6099853515625,8.07,8.15,0.54,11.91,0.0
479,2026,2026-08,2026-07-31,NYSE,TechnipFMC plc Ordinary Share,FTI,28571.0,68.91999816894531,3.95,-8.8,23.69,89.5,0.0
480,2026,2026-08,2026-07-31,NYSE,Pembina Pipeline Corp. Ordinary Shares (Canada),PBA,28445.2,50.43000030517578,9.04,8.4,21.28,35.6,0.0
481,2026,2026-08,2026-07-31,NYSE,NRG Energy Inc. Common Stock,NRG,28333.4,133.97000122070312,-8.28,-13.89,-12.23,-19.87,0.0
482,2026,2026-08,2026-07-31,NASDAQ,LPL Financial Holdings Inc. Common Stock,LPLA,28289.9,339.1700134277344,20.41,1.51,-6.95,-14.29,0.0
483,2026,2026-08,2026-07-31,NYSE,Edison International Common Stock,EIX,28232.3,78.7300033569336,5.75,13.3,26.41,51.06,0.0
484,2026,2026-08,2026-07-31,NYSE,Synchrony Financial Common Stock,SYF,28198.2,77.16999816894531,1.47,1.27,6.25,10.77,0.0
485,2026,2026-08,2026-07-31,NASDAQ,Zoom Communications Inc. Class A Common Stock,ZM,28170.8,92.31999969482422,6.96,-4.97,0.24,24.67,0.0
486,2026,2026-08,2026-07-31,NYSE,Nomura Holdings Inc ADR American Depositary Shares,NMR,28084.9,9.5600004196167,8.88,18.61,7.78,43.76,0.0
487,2026,2026-08,2026-07-31,NYSE,Dollar General Corporation Common Stock,DG,28025.5,127.5,10.76,10.03,-11.11,21.54,0.0
488,2026,2026-08,2026-07-31,NYSE,FirstEnergy Corp. Common Stock,FE,27954.1,48.709999084472656,2.46,2.5,2.89,14.05,0.0
489,2026,2026-08,2026-07-31,NASDAQ,GlobalFoundries Inc. Ordinary Shares,GFS,27815.3,49.88999938964844,-39.46,-22.77,18.22,33.43,0.0
490,2026,2026-08,2026-07-31,NYSE,Texas Pacific Land Corporation Common Stock,TPL,27767.7,394.25,-9.91,-11.14,13.17,22.17,0.0
491,2026,2026-08,2026-07-31,NYSE,CenterPoint Energy Inc (Holding Co) Common Stock,CNP,27692.6,42.150001525878906,-4.29,-3.44,6.2,8.58,0.0
492,2026,2026-08,2026-07-31,NYSE,Kinross Gold Corporation Common Stock,KGC,27583.7,23.6200008392334,0.0,-21.89,-25.16,47.63,0.0
493,2026,2026-08,2026-07-31,NYSE,Dover Corporation Common Stock,DOV,27558.3,204.05999755859375,-9.02,-9.87,1.28,12.65,0.0
494,2026,2026-08,2026-07-31,NYSE,Qnity Electronics Inc. Common Stock,Q,27461.1,130.52000427246094,-20.08,-7.21,35.7,0.0,0.0
495,2026,2026-08,2026-07-31,NASDAQ,Alnylam Pharmaceuticals Inc. Common Stock,ALNY,27439.5,205.47999572753906,-31.74,-33.61,-39.22,-47.61,0.0
496,2026,2026-08,2026-07-31,NYSE,Otis Worldwide Corporation Common Stock,OTIS,27389.2,71.69000244140625,0.13,-7.95,-16.07,-16.34,0.0
497,2026,2026-08,2026-07-31,NYSE,Xylem Inc. Common Stock New,XYL,27311.0,116.81999969482422,-1.18,-1.13,-15.27,-19.22,0.0
498,2026,2026-08,2026-07-31,NASDAQ,Cincinnati Financial Corporation Common Stock,CINF,27270.0,174.72999572753906,-5.62,6.8,8.6,18.45,0.0
499,2026,2026-08,2026-07-31,NASDAQ,MongoDB Inc. Class A Common Stock,MDB,27144.2,325.8800048828125,-2.98,29.92,-12.24,36.99,0.0
500,2026,2026-08,2026-07-31,NYSE,Amrize Ltd Ordinary Shares,AMRZ,27073.5,49.599998474121094,-6.94,-7.77,-5.74,-2.97,0.0
