종목코드,종목명,시장,기준일,시가총액,종가,거래량,1개월(%),3개월(%),6개월(%),12개월(%)
005930,삼성전자,KOSPI,2026-09-30,1569725806248000,269500,15700594,0.0,2.67,22.22,150.7
000660,SK하이닉스,KOSPI,2026-09-30,1297354440240000,1783000,2973067,0.0,3.78,38.65,218.96
402340,SK스퀘어,KOSPI,2026-09-30,150261433722000,1132000,439964,0.0,9.06,34.6,335.38
009150,삼성전기,KOSPI,2026-09-30,113011562048000,1514000,479543,0.0,32.57,81.97,517.96
373220,LG에너지솔루션,KOSPI,2026-09-30,83538000000000,355500,187147,0.0,8.38,-22.8,-24.84
005380,현대차,KOSPI,2026-09-30,70195939740000,347000,455070,0.0,-10.57,-34.65,19.66
207940,삼성바이오로직스,KOSPI,2026-09-30,64390712841000,1394000,48525,0.0,-6.13,-5.17,-22.43
105560,KB금융,KOSPI,2026-09-30,59871289499200,169800,1047127,0.0,0.77,5.79,45.63
032830,삼성생명,KOSPI,2026-09-30,56400000000000,283000,260795,0.0,-9.15,13.43,83.41
028260,삼성물산,KOSPI,2026-09-30,55380228911500,342500,257492,0.0,-2.56,14.74,51.55
034020,두산에너빌리티,KOSPI,2026-09-30,52269789513600,81900,1498289,0.0,22.06,-35.56,-7.67
012450,한화에어로스페이스,KOSPI,2026-09-30,51924344807000,1009000,82259,0.0,10.03,-28.79,3.06
055550,신한지주,KOSPI,2026-09-30,49808670357900,106500,1545439,0.0,5.76,6.61,45.29
329180,HD현대중공업,KOSPI,2026-09-30,45500691037500,434500,163435,0.0,-9.67,-36.57,-27.58
000270,기아,KOSPI,2026-09-30,44038586174400,113600,881817,0.0,-13.87,-25.16,-5.25
034730,SK,KOSPI,2026-09-30,42631589364000,588000,153790,0.0,5.57,38.35,136.62
006400,삼성SDI,KOSPI,2026-09-30,41501547950000,513000,235909,0.0,29.22,-26.19,59.32
068270,셀트리온,KOSPI,2026-09-30,41336072175200,177800,340772,0.0,-4.77,-6.96,6.23
086790,하나금융지주,KOSPI,2026-09-30,35226088300000,130700,1009883,0.0,4.23,2.19,52.87
066570,LG전자,KOSPI,2026-09-30,34612985575000,213500,677341,0.0,31.71,51.53,143.72
012330,현대모비스,KOSPI,2026-09-30,32964154695000,384500,409188,0.0,-19.22,-9.53,21.68
010120,LS ELECTRIC,KOSPI,2026-09-30,30750000000000,205500,244899,0.0,11.2,-26.08,136.21
035420,NAVER,KOSPI,2026-09-30,29460679275300,193500,487473,0.0,-6.97,-8.29,-27.66
000810,삼성화재,KOSPI,2026-09-30,28261850409000,634000,68703,0.0,0.32,37.53,43.6
298040,효성중공업,KOSPI,2026-09-30,25856971604000,2787000,28186,0.0,15.31,-28.76,30.54
316140,우리금융지주,KOSPI,2026-09-30,25713850839300,34850,2861478,0.0,3.72,4.5,37.2
096770,SK이노베이션,KOSPI,2026-09-30,25155054854400,149200,520250,0.0,35.02,2.05,15.75
042700,한미반도체,KOSPI,2026-09-30,24447579300000,258000,453342,0.0,20.28,-29.89,79.54
005490,POSCO홀딩스,KOSPI,2026-09-30,24247907262000,306500,167324,0.0,-1.92,-33.66,-1.29
042660,한화오션,KOSPI,2026-09-30,24145375447200,78800,683372,0.0,-7.51,-40.21,-42.73
267260,HD현대일렉트릭,KOSPI,2026-09-30,23863203370000,667000,374344,0.0,-2.49,-46.73,-23.33
009540,HD한국조선해양,KOSPI,2026-09-30,22895103026000,326500,188560,0.0,-15.08,-29.25,-31.12
010130,고려아연,KOSPI,2026-09-30,22334076830000,1069000,15772,0.0,7.01,-32.3,3.48
000150,두산,KOSPI,2026-09-30,22153166280000,1370000,47005,0.0,17.09,-14.16,44.36
138040,메리츠금융지주,KOSPI,2026-09-30,21135960579900,126900,174801,0.0,2.34,13.61,14.84
011200,HMM,KOSPI,2026-09-30,19666511674500,20900,792896,0.0,-0.24,1.95,1.7
015760,한국전력,KOSPI,2026-09-30,19226824106150,30050,829531,0.0,-13.65,-31.0,-29.38
017670,SK텔레콤,KOSPI,2026-09-30,18386028536800,85700,468692,0.0,5.28,-9.88,63.86
033780,KT&G,KOSPI,2026-09-30,18291402347200,176500,260367,0.0,-1.45,-1.01,31.52
010950,S-Oil,KOSPI,2026-09-30,18204637466400,162000,261519,0.0,27.26,20.45,125.63
051910,LG화학,KOSPI,2026-09-30,17718678093000,251000,178403,0.0,-2.71,-36.78,-36.86
010140,삼성중공업,KOSPI,2026-09-30,17336000000000,19840,3404556,0.0,-7.07,-38.67,-32.86
018260,삼성에스디에스,KOSPI,2026-09-30,16945738200000,218500,121262,0.0,6.07,31.47,19.4
006800,미래에셋증권,KOSPI,2026-09-30,16806501528450,30850,742768,0.0,-10.71,-52.39,17.81
003550,LG,KOSPI,2026-09-30,16752074043200,110800,193317,0.0,9.59,11.81,37.98
024110,기업은행,KOSPI,2026-09-30,16108002553800,20250,1049588,0.0,-1.94,-10.4,4.76
267250,HD현대,KOSPI,2026-09-30,15996099712500,203500,127200,0.0,1.95,-34.46,-0.73
003670,포스코퓨처엠,KOSPI,2026-09-30,15903584136000,179300,196534,0.0,30.21,-28.85,-17.18
079550,LIG디펜스앤에어로스페이스,KOSPI,2026-09-30,15004000000000,682000,40980,0.0,-2.43,-27.52,31.41
035720,카카오,KOSPI,2026-09-30,14862646745650,33600,861687,0.0,-10.16,-28.96,-48.39
086280,현대글로비스,KOSPI,2026-09-30,14760000000000,197900,137191,0.0,-1.05,-12.82,4.82
272210,한화시스템,KOSPI,2026-09-30,14168954175000,75200,685648,0.0,20.32,-35.89,25.54
278470,에이피알,KOSPI,2026-09-30,13702364730000,365000,181702,0.0,14.06,-14.02,43.14
011070,LG이노텍,KOSPI,2026-09-30,13348248348000,564000,282214,0.0,9.73,-1.57,134.02
030200,KT,KOSPI,2026-09-30,13180734125500,52200,257699,0.0,0.58,-14.29,6.21
000720,현대건설,KOSPI,2026-09-30,13084302387500,118100,304201,0.0,24.84,-27.01,67.99
047810,한국항공우주,KOSPI,2026-09-30,12301358503400,126700,169462,0.0,-0.47,-25.03,22.53
064350,현대로템,KOSPI,2026-09-30,12180279898800,113200,552364,0.0,-15.33,-57.84,-50.89
005830,DB손해보험,KOSPI,2026-09-30,12117564565000,185400,229877,0.0,18.09,10.62,46.21
003490,대한항공,KOSPI,2026-09-30,11783059488000,32000,2638922,0.0,23.55,30.35,44.47
443060,HD현대마린솔루션,KOSPI,2026-09-30,10670363480000,237500,50916,0.0,29.08,-10.55,-1.25
307950,현대오토에버,KOSPI,2026-09-30,10133161349000,373000,24717,0.0,2.33,-17.2,83.29
047050,포스코인터내셔널,KOSPI,2026-09-30,10010006637200,58300,598731,0.0,11.69,-33.22,6.0
078930,GS,KOSPI,2026-09-30,9958397064000,106600,326326,0.0,19.78,30.16,122.31
071050,한국금융지주,KOSPI,2026-09-30,9863500584000,177100,228670,0.0,-14.24,-26.21,-2.85
006260,LS,KOSPI,2026-09-30,9625200000000,310000,93842,0.0,16.1,-31.57,48.33
005940,NH투자증권,KOSPI,2026-09-30,9599358730000,26050,490085,0.0,-8.6,-22.59,28.01
323410,카카오뱅크,KOSPI,2026-09-30,9489925491930,19950,936366,0.0,-9.73,-18.07,-13.82
000500,가온전선,KOSPI,2026-09-30,9379946205000,316000,103296,0.0,135.47,135.47,576.99
028050,삼성E&A,KOSPI,2026-09-30,9349200000000,47900,1006847,0.0,9.36,-9.79,84.59
003230,삼양식품,KOSPI,2026-09-30,9137547195000,1211000,23593,0.0,3.68,-9.69,-10.16
259960,크래프톤,KOSPI,2026-09-30,8949065041200,195500,113388,0.0,-19.55,-26.23,-29.17
180640,한진칼,KOSPI,2026-09-30,8839325210000,132100,77405,0.0,18.26,17.21,26.17
0126Z0,삼성에피스홀딩스,KOSPI,2026-09-30,8609534954000,348500,46596,0.0,-7.07,-35.82,0.0
007660,이수페타시스,KOSPI,2026-09-30,8449401106900,115400,579656,0.0,54.9,-23.22,1.32
090430,아모레퍼시픽,KOSPI,2026-09-30,8095397845600,138600,274528,0.0,6.62,2.44,14.64
016360,삼성증권,KOSPI,2026-09-30,7894120000000,88700,334824,0.0,-11.12,-17.49,14.75
009830,한화솔루션,KOSPI,2026-09-30,7623856970400,33100,6707850,0.0,29.8,-30.78,14.68
161390,한국타이어앤테크놀로지,KOSPI,2026-09-30,7308629071000,59200,362289,0.0,-12.43,0.0,27.72
047040,대우건설,KOSPI,2026-09-30,7289501498120,17730,6006801,0.0,38.73,-49.34,372.8
021240,코웨이,KOSPI,2026-09-30,7034282144400,99400,180763,0.0,8.63,15.45,11.43
352820,하이브,KOSPI,2026-09-30,6750530517600,156900,124464,0.0,-7.05,-40.34,-53.99
000880,한화,KOSPI,2026-09-30,6692776573500,125100,98940,0.0,24.35,-21.88,9.01
064400,LG씨엔에스,KOSPI,2026-09-30,6665753222400,69000,322935,0.0,10.4,6.15,4.07
039490,키움증권,KOSPI,2026-09-30,6596421474000,251500,56030,0.0,-14.31,-36.81,-15.32
353200,대덕전자,KOSPI,2026-09-30,6547742562500,132300,885776,0.0,36.67,17.29,248.62
062040,산일전기,KOSPI,2026-09-30,6511605625000,212000,247515,0.0,48.04,-20.3,35.29
128940,한미약품,KOSPI,2026-09-30,6392684509000,498500,71699,0.0,49.48,8.37,17.29
032640,LG유플러스,KOSPI,2026-09-30,6166934945960,14570,920590,0.0,-1.42,-8.02,-4.4
000990,DB하이텍,KOSPI,2026-09-30,5942726720800,137700,529292,0.0,65.7,-13.12,134.18
267270,HD건설기계,KOSPI,2026-09-30,5865927171000,124100,152311,0.0,-0.64,-32.52,24.1
326030,SK바이오팜,KOSPI,2026-09-30,5826505800000,74600,76829,0.0,-5.57,-25.33,-35.41
001440,대한전선,KOSPI,2026-09-30,5811180471400,29850,2271756,0.0,28.66,-46.98,23.35
175330,JB금융지주,KOSPI,2026-09-30,5427785078400,29050,688820,0.0,9.83,6.41,29.4
377300,카카오페이,KOSPI,2026-09-30,5391729786700,39900,95104,0.0,-6.34,-28.37,-23.71
000100,유한양행,KOSPI,2026-09-30,5359228856800,72700,178802,0.0,-1.09,-20.63,-38.39
241560,두산밥캣,KOSPI,2026-09-30,5233741149000,54700,218888,0.0,-8.53,-24.03,-9.29
011790,SKC,KOSPI,2026-09-30,4925110991400,98900,385872,0.0,36.98,-16.19,-17.6
029780,삼성카드,KOSPI,2026-09-30,4889245200200,42400,101082,0.0,-9.79,-20.45,-14.43
138930,BNK금융지주,KOSPI,2026-09-30,4884888835920,15870,1348911,0.0,4.61,-15.27,14.92
088980,맥쿼리인프라,KOSPI,2026-09-30,4688646311470,9810,547032,0.0,-2.97,-13.57,-10.74
052690,한전기술,KOSPI,2026-09-30,4685772000000,124300,186722,0.0,39.66,-34.09,21.62
088350,한화생명,KOSPI,2026-09-30,4629264900000,5380,5958938,0.0,21.72,10.13,77.56
066970,엘앤에프,KOSPI,2026-09-30,4560921226400,112000,294069,0.0,52.8,-42.59,-8.27
036570,NC,KOSPI,2026-09-30,4502700598000,214000,86975,0.0,-8.74,-20.89,-2.95
454910,두산로보틱스,KOSPI,2026-09-30,4446650628000,68500,153568,0.0,11.2,-37.84,-12.18
271560,오리온,KOSPI,2026-09-30,4225627437200,107000,114488,0.0,-18.82,-25.49,7.75
010060,OCI홀딩스,KOSPI,2026-09-30,4172796852000,221500,231971,0.0,16.4,-39.81,93.96
034220,LG디스플레이,KOSPI,2026-09-30,4165000000000,8340,2368402,0.0,-9.45,-31.97,-43.27
082740,한화엔진,KOSPI,2026-09-30,4088909958000,49350,906248,0.0,26.38,-43.92,-0.1
001450,현대해상,KOSPI,2026-09-30,4079128762500,47900,516927,0.0,24.58,57.57,75.46
002380,KCC,KOSPI,2026-09-30,4042957568000,470500,22435,0.0,21.26,-15.23,7.05
051900,LG생활건강,KOSPI,2026-09-30,4028415687000,270500,94435,0.0,-5.75,6.5,-4.92
004020,현대제철,KOSPI,2026-09-30,4003373550000,30400,497631,0.0,15.37,-28.55,-7.88
103590,일진전기,KOSPI,2026-09-30,3934044675000,82600,318849,0.0,58.85,-32.57,43.4
001040,CJ,KOSPI,2026-09-30,3915553131600,134400,79874,0.0,3.86,-40.13,-21.27
018880,한온시스템,KOSPI,2026-09-30,3612404723840,3530,23424583,0.0,6.81,-16.55,-12.99
008930,한미사이언스,KOSPI,2026-09-30,3611073840000,53000,126865,0.0,47.84,40.58,34.52
161890,한국콜마,KOSPI,2026-09-30,3446341242000,145600,271204,0.0,52.94,64.15,89.09
036460,한국가스공사,KOSPI,2026-09-30,3212492400000,34950,129236,0.0,1.45,-10.61,-16.19
004170,신세계,KOSPI,2026-09-30,3178303406500,337000,42960,0.0,-20.33,-17.2,94.01
012750,에스원,KOSPI,2026-09-30,3138732102800,82100,48870,0.0,15.31,-4.65,9.47
028670,팬오션,KOSPI,2026-09-30,3084466084240,5750,1580437,0.0,5.12,3.79,50.13
035250,강원랜드,KOSPI,2026-09-30,3050791530000,14300,275449,0.0,-2.72,-16.86,-15.28
111770,영원무역,KOSPI,2026-09-30,3048628998400,69200,67831,0.0,-22.6,-16.53,19.72
192820,코스맥스,KOSPI,2026-09-30,3030318903000,269000,88996,0.0,45.64,27.79,31.54
022100,포스코DX,KOSPI,2026-09-30,3027011454390,19950,192362,0.0,3.58,-42.84,-24.14
375500,DL이앤씨,KOSPI,2026-09-30,3010363869400,77800,272358,0.0,32.99,-21.41,82.2
336260,두산퓨얼셀,KOSPI,2026-09-30,2983239219300,45800,708739,0.0,86.56,-24.67,7.26
031210,서울보증보험,KOSPI,2026-09-30,2942980355700,42450,46913,0.0,-1.16,-11.19,-15.94
006360,GS건설,KOSPI,2026-09-30,2905491585500,34100,756331,0.0,45.42,-10.38,82.45
011780,금호석유화학,KOSPI,2026-09-30,2900639572500,115100,65054,0.0,0.61,-21.49,-0.78
139130,iM금융지주,KOSPI,2026-09-30,2893299464160,18240,725764,0.0,7.61,-4.5,37.87
023530,롯데쇼핑,KOSPI,2026-09-30,2868479757000,101500,115104,0.0,-13.47,-24.98,55.91
251270,넷마블,KOSPI,2026-09-30,2860649820000,34400,122339,0.0,-10.18,-30.72,-36.41
017800,현대엘리베이터,KOSPI,2026-09-30,2853744105000,73300,52894,0.0,7.95,-25.73,-3.17
007340,DN오토모티브,KOSPI,2026-09-30,2849479125500,48700,143110,0.0,20.69,1.35,109.01
302440,SK바이오사이언스,KOSPI,2026-09-30,2832281563300,36000,48212,0.0,6.35,-16.38,-28.99
014680,한솔케미칼,KOSPI,2026-09-30,2790258306000,262000,83617,0.0,25.96,-8.07,12.69
097950,CJ제일제당,KOSPI,2026-09-30,2694699294000,178800,40443,0.0,-6.58,-27.46,-22.09
383220,F&F,KOSPI,2026-09-30,2627865345000,68500,33641,0.0,-14.91,2.39,11.75
004800,효성,KOSPI,2026-09-30,2618199654800,157600,12016,0.0,9.07,-30.88,24.39
003690,코리안리,KOSPI,2026-09-30,2578359842290,14650,319209,0.0,6.39,18.62,38.08
085620,미래에셋생명,KOSPI,2026-09-30,2576530800000,18860,52758,0.0,21.76,18.39,115.05
011170,롯데케미칼,KOSPI,2026-09-30,2566525140000,60300,57375,0.0,6.73,-47.06,-14.71
489790,한화비전,KOSPI,2026-09-30,2544614856000,50700,206662,0.0,20.71,-41.18,0.6
026960,동서,KOSPI,2026-09-30,2527395000000,25450,46435,0.0,-0.2,-4.68,-5.74
450080,에코프로머티,KOSPI,2026-09-30,2464322676000,34950,324853,0.0,8.54,-56.48,-44.52
004370,농심,KOSPI,2026-09-30,2454346047000,404000,15446,0.0,5.48,7.02,-7.34
457190,이수스페셜티케미컬,KOSPI,2026-09-30,2408444098400,78000,1183009,0.0,48.85,-35.8,40.79
004990,롯데지주,KOSPI,2026-09-30,2396913812800,24000,76535,0.0,6.19,-21.44,-17.95
000240,한국앤컴퍼니,KOSPI,2026-09-30,2382874524000,25050,54861,0.0,0.4,0.4,6.37
005440,현대지에프홀딩스,KOSPI,2026-09-30,2349318119190,12800,415617,0.0,8.66,-10.8,64.1
483650,달바글로벌,KOSPI,2026-09-30,2337568989000,186600,74311,0.0,-15.57,-17.43,24.48
009420,한올바이오파마,KOSPI,2026-09-30,2303812135800,44150,231689,0.0,1.73,-6.86,6.64
001720,신영증권,KOSPI,2026-09-30,2303244000000,139300,11064,0.0,-0.71,-29.33,-3.86
005850,에스엘,KOSPI,2026-09-30,2289912036000,49650,49963,0.0,-6.14,-21.07,36.59
282330,BGF리테일,KOSPI,2026-09-30,2246907780000,130000,40620,0.0,4.0,-1.52,25.48
018670,SK가스,KOSPI,2026-09-30,2219983938000,241000,4597,0.0,7.83,-16.61,-7.49
020150,롯데에너지머티리얼즈,KOSPI,2026-09-30,2199349446000,42100,164695,0.0,53.93,-36.88,61.92
279570,케이뱅크,KOSPI,2026-09-30,2186696863890,5400,432825,0.0,-3.4,-13.18,0.0
103140,풍산,KOSPI,2026-09-30,2174683972800,77900,57018,0.0,9.41,-21.47,-29.18
030000,제일기획,KOSPI,2026-09-30,2155872556500,18780,1153853,0.0,-0.79,-6.33,-7.71
112610,씨에스윈드,KOSPI,2026-09-30,2146524412700,51400,286123,0.0,37.8,-28.21,17.75
204320,HL만도,KOSPI,2026-09-30,2143592528000,45800,156159,0.0,2.46,-19.79,18.81
009970,영원무역홀딩스,KOSPI,2026-09-30,2103699880800,162400,10976,0.0,-15.42,-21.92,14.29
081660,미스토홀딩스,KOSPI,2026-09-30,1990944000000,37700,117244,0.0,-16.5,-7.14,2.45
002790,아모레퍼시픽홀딩스,KOSPI,2026-09-30,1976443953000,25900,127718,0.0,1.57,-7.0,1.97
139480,이마트,KOSPI,2026-09-30,1973101058500,71700,90645,0.0,-10.15,-32.8,-0.69
051600,한전KPS,KOSPI,2026-09-30,1966500000000,44000,208582,0.0,-2.11,-29.26,-13.21
069960,현대백화점,KOSPI,2026-09-30,1932216115200,89400,84467,0.0,-24.75,-17.91,10.64
073240,금호타이어,KOSPI,2026-09-30,1916026114290,6710,1083793,0.0,-7.96,15.29,42.16
229640,LS에코에너지,KOSPI,2026-09-30,1898742498000,62400,182526,0.0,54.65,-28.36,35.36
007070,GS리테일,KOSPI,2026-09-30,1876986466750,22500,124123,0.0,-9.09,-4.26,26.9
089860,롯데렌탈,KOSPI,2026-09-30,1837255032800,50200,78706,0.0,27.57,49.18,71.33
462870,시프트업,KOSPI,2026-09-30,1803376023000,30750,37972,0.0,-2.69,-5.53,-19.92
007810,코리아써키트,KOSPI,2026-09-30,1781908666000,74500,396774,0.0,60.39,-19.63,260.77
181710,NHN,KOSPI,2026-09-30,1778093075000,55100,151961,0.0,48.52,34.39,90.33
020560,아시아나항공,KOSPI,2026-09-30,1755040857720,8490,155430,0.0,21.98,20.6,-3.63
281820,케이씨텍,KOSPI,2026-09-30,1740302301900,88500,143828,0.0,26.79,44.37,130.77
439260,대한조선,KOSPI,2026-09-30,1712088413500,45700,18307,0.0,-8.78,-48.94,-38.33
475150,SK이터닉스,KOSPI,2026-09-30,1681206647400,49800,528822,0.0,9.57,-14.14,139.42
001120,LX인터내셔널,KOSPI,2026-09-30,1678308000000,43400,169750,0.0,16.04,-18.73,43.95
120110,코오롱인더,KOSPI,2026-09-30,1650026363200,55000,70903,0.0,14.46,-41.55,54.49
071970,HD현대마린엔진,KOSPI,2026-09-30,1648584657000,48700,215663,0.0,-1.52,-53.97,-50.96
023590,다우기술,KOSPI,2026-09-30,1623274200000,37750,34422,0.0,3.0,-18.64,-3.21
001430,세아베스틸지주,KOSPI,2026-09-30,1612002249050,45200,107223,0.0,35.74,-40.13,64.36
093370,후성,KOSPI,2026-09-30,1608829950000,15070,9664465,0.0,67.44,13.82,69.33
000120,CJ대한통운,KOSPI,2026-09-30,1596864080000,70300,21870,0.0,-5.64,-30.46,-14.68
395400,SK리츠,KOSPI,2026-09-30,1574322152600,5230,159911,0.0,-4.56,-22.63,-1.13
006040,동원산업,KOSPI,2026-09-30,1558170910700,35450,17433,0.0,0.14,-8.04,-26.83
001820,삼화콘덴서,KOSPI,2026-09-30,1550934000000,150800,907879,0.0,110.61,124.4,346.15
008770,호텔신라,KOSPI,2026-09-30,1544413561350,39500,295305,0.0,-9.3,-39.69,-18.89
294870,IPARK현대산업개발,KOSPI,2026-09-30,1529050056000,23150,128050,0.0,16.62,0.87,20.07
012630,HDC,KOSPI,2026-09-30,1502504283150,25400,42363,0.0,27.25,-9.61,37.97
006280,녹십자,KOSPI,2026-09-30,1437444174000,123100,21185,0.0,6.21,-10.21,-5.09
322000,HD현대에너지솔루션,KOSPI,2026-09-30,1436960000000,128700,340593,0.0,14.81,-44.29,126.58
005070,코스모신소재,KOSPI,2026-09-30,1436530195750,43500,131342,0.0,34.05,-26.15,-21.62
361610,SK아이이테크놀로지,KOSPI,2026-09-30,1419006185000,17290,156890,0.0,30.39,-34.51,-43.68
011210,현대위아,KOSPI,2026-09-30,1416863824300,52500,52882,0.0,-9.79,-36.52,-10.41
