기준일,시장,종목명,종목코드,시가총액,종가,1개월(%),3개월(%),6개월(%),12개월(%)
2026-09-30,NASDAQ,Amazon.com Inc. Common Stock,AMZN,2801960.7,249.14999389648438,-4.09,4.54,19.63,13.47
2026-09-30,NASDAQ,Apple Inc. Common Stock,AAPL,4624165.9,333.0199890136719,5.1,15.09,31.22,30.79
2026-09-30,NASDAQ,Microsoft Corporation Common Stock,MSFT,3766905.0,512.9000244140625,1.11,37.5,38.56,-0.97
2026-09-30,NASDAQ,Alphabet Inc. Class A Common Stock,GOOGL,4150250.5,344.0799865722656,1.39,-3.72,19.66,41.54
2026-09-30,NASDAQ,NVIDIA Corporation Common Stock,NVDA,5320798.0,228.3800048828125,3.44,14.14,30.95,22.4
2026-09-30,NASDAQ,Space Exploration Technologies Corp. Class A Common Stock,SPCX,1950278.7,150.86000061035156,4.99,-11.71,0.0,0.0
2026-09-30,NYSE,Taiwan Semiconductor Manufacturing Company Ltd.,TSM,2154059.2,456.19000244140625,9.84,-4.48,34.99,63.34
2026-09-30,NASDAQ,Broadcom Inc. Common Stock,AVGO,1761922.3,351.19000244140625,-5.17,-7.03,13.47,6.45
2026-09-30,NASDAQ,Tesla Inc. Common Stock,TSLA,1453236.0,354.80999755859375,-3.57,-15.64,-4.56,-20.22
2026-09-30,NASDAQ,Meta Platforms Inc. Class A Common Stock,META,1458039.7,725.1799926757812,26.7,28.74,26.75,-1.25
2026-09-30,NASDAQ,SK hynix Inc. American Depositary Shares,SKHY,1199566.8,184.14999389648438,11.89,0.0,0.0,0.0
2026-09-30,NYSE,Berkshire Hathaway Inc.,BRK-A,1112936.8,747005.0,-1.27,-0.25,4.02,-0.95
2026-09-30,NASDAQ,Micron Technology Inc. Common Stock,MU,1082783.1,1065.1099853515625,11.1,-7.73,215.27,536.57
2026-09-30,NYSE,JP Morgan Chase & Co. Common Stock,JPM,946367.4,330.8299865722656,-7.08,1.07,12.47,4.88
2026-09-30,NYSE,Eli Lilly and Company Common Stock,LLY,1088896.0,1157.0799560546875,0.03,-3.53,25.8,51.65
2026-09-30,NASDAQ,Walmart Inc. Common Stock,WMT,834563.8,103.91999816894531,-0.91,-8.25,-16.38,0.83
2026-09-30,NASDAQ,Advanced Micro Devices Inc. Common Stock,AMD,768438.7,611.760009765625,29.96,5.31,200.72,278.12
2026-09-30,NYSE,Visa Inc.,V,677841.3,359.3299865722656,-5.28,4.73,18.89,5.26
2026-09-30,NASDAQ,ASML Holding N.V. New York Registry Shares,ASML,653672.2,1811.6700439453125,6.82,-8.94,37.16,87.14
2026-09-30,NYSE,ExxonMobil Holdings Corporation Common Stock,XOM,661812.2,162.75,1.12,19.04,-4.07,44.35
2026-09-30,NYSE,Mastercard Incorporated Common Stock,MA,516241.4,551.469970703125,-6.42,7.37,10.37,-3.05
2026-09-30,NYSE,Johnson & Johnson Common Stock,JNJ,640671.5,264.739990234375,-0.42,4.24,8.3,42.78
2026-09-30,NASDAQ,Intel Corporation Common Stock,INTC,473066.6,120.2300033569336,34.32,-13.89,172.45,258.36
2026-09-30,NYSE,AbbVie Inc. Common Stock,ABBV,453124.2,261.5899963378906,2.02,3.95,20.28,12.98
2026-09-30,NASDAQ,Palantir Technologies Inc. Class A Common Stock,PLTR,447694.7,187.0500030517578,0.36,60.32,27.87,2.54
2026-09-30,NASDAQ,Cisco Systems Inc. Common Stock (DE),CSCO,435489.1,107.62999725341797,-2.59,-8.37,38.72,57.31
2026-09-30,NYSE,Bank of America Corporation Common Stock,BAC,433130.8,54.43000030517578,-12.12,-4.48,11.65,5.5
2026-09-30,NYSE,Oracle Corporation Common Stock,ORCL,429535.8,137.3000030517578,-7.93,-6.31,-6.67,-51.18
2026-09-30,NASDAQ,Costco Wholesale Corporation Common Stock,COST,418595.2,910.3400268554688,-3.55,-2.69,-8.64,-1.65
2026-09-30,NYSE,Chevron Corporation Common Stock,CVX,407285.5,204.2100067138672,-0.94,23.2,-1.3,31.5
2026-09-30,NYSE,Coca-Cola Company (The) Common Stock,KO,381507.0,86.08000183105469,-2.92,5.92,13.19,29.79
2026-09-30,NASDAQ,Lam Research Corporation Common Stock,LRCX,377260.8,328.510009765625,8.96,-24.19,53.75,145.34
2026-09-30,NYSE,Caterpillar Inc. Common Stock,CAT,366576.9,810.7899780273438,1.67,-23.86,14.44,69.92
2026-09-30,NASDAQ,Applied Materials Inc. Common Stock,AMAT,363777.1,511.3800048828125,11.56,-29.27,49.62,149.77
2026-09-30,NYSE,Merck & Company Inc. Common Stock (new),MRK,364549.3,145.30999755859375,-1.66,13.08,20.8,73.13
2026-09-30,NYSE,HSBC Holdings plc. Common Stock,HSBC,354462.6,99.30999755859375,-3.71,4.44,20.39,39.91
2026-09-30,NYSE,UnitedHealth Group Incorporated Common Stock (DE),UNH,349532.4,367.0799865722656,-5.73,-11.68,35.66,6.31
2026-09-30,NASDAQ,Netflix Inc. Common Stock,NFLX,337487.3,69.58000183105469,-14.15,-2.55,-27.63,-41.96
2026-09-30,NYSE,GE Aerospace Common Stock,GE,348320.1,312.2900085449219,-6.98,-16.44,10.05,3.81
2026-09-30,NYSE,Procter & Gamble Company (The) Common Stock,PG,337321.7,145.27999877929688,0.11,-0.93,0.58,-5.45
2026-09-30,NYSE,Morgan Stanley Common Stock,MS,335033.2,188.0800018310547,-11.83,-10.03,14.29,18.32
2026-09-30,NYSE,Home Depot Inc. (The) Common Stock,HD,327072.6,284.489990234375,-13.22,-19.33,-13.5,-29.79
2026-09-30,NASDAQ,Palo Alto Networks Inc. Common Stock,PANW,311436.0,397.30999755859375,3.97,16.51,147.82,95.12
2026-09-30,NYSE,Goldman Sachs Group Inc. (The) Common Stock,GS,298712.7,900.3599853515625,-12.24,-10.98,6.43,13.06
2026-09-30,NYSE,Dell Technologies Inc. Class C Common Stock,DELL,295543.7,537.9500122070312,17.97,24.68,227.76,279.45
2026-09-30,NYSE,Philip Morris International Inc Common Stock,PM,291928.3,190.82000732421875,1.88,5.48,15.41,17.64
2026-09-30,NYSE,Novartis AG Common Stock,NVS,290153.5,142.57000732421875,-6.24,-9.03,-6.66,11.17
2026-09-30,NYSE,Royal Bank Of Canada Common Stock,RY,283723.0,196.58999633789062,-3.7,-5.02,21.52,33.44
2026-09-30,NYSE,Alibaba Group Holding Limited American Depositary Shares each representing eight Ordinary share,BABA,276211.9,107.54000091552734,-5.68,12.04,-14.28,-39.83
2026-09-30,NYSE,RTX Corporation Common Stock,RTX,279969.8,185.64999389648438,-10.63,-2.15,-3.76,10.95
2026-09-30,NYSE,Mitsubishi UFJ Financial Group Inc. Common Stock,MUFG,269990.4,23.06999969482422,1.41,15.99,35.95,44.73
2026-09-30,NYSE,Wells Fargo & Company Common Stock,WFC,261243.3,80.05000305175781,-7.34,-3.13,0.55,-4.5
2026-09-30,NYSE,SAP  SE ADS,SAP,271364.3,208.47999572753906,-5.62,35.28,21.77,-21.98
2026-09-30,NASDAQ,Arm Holdings plc American Depositary Shares,ARM,257405.6,289.6600036621094,19.74,-18.31,91.47,104.72
2026-09-30,NYSE,Shell PLC American Depositary Shares (each representing two (2) Ordinary Shares),SHEL,260170.3,,,,,
2026-09-30,NYSE,Arista Networks Inc. Common Stock,ANET,246809.1,203.58999633789062,4.04,19.84,65.82,39.72
2026-09-30,NYSE,Toyota Motor Corporation Common Stock,TM,256168.9,183.10000610351562,-6.84,8.72,-11.16,-4.18
2026-09-30,NYSE,AstraZeneca PLC Ordinary Shares,AZN,251419.2,161.47000122070312,-0.41,-14.85,-18.13,5.23
2026-09-30,NYSE,GE Vernova Inc. Common Stock,GEV,239308.7,950.489990234375,5.78,-19.1,8.89,54.58
2026-09-30,NYSE,BHP Group Limited American Depositary Shares (Each representing two Ordinary Shares),BHP,238622.2,84.83999633789062,-9.67,1.84,16.63,52.18
2026-09-30,NASDAQ,CrowdStrike Holdings Inc. Class A Common Stock,CRWD,236528.9,264.75,14.61,38.77,171.25,115.95
2026-09-30,NYSE,Comcast Holdings ZONES,CCZ,235806.5,62.900001525878906,-5.34,-5.41,-3.23,0.58
2026-09-30,NASDAQ,Texas Instruments Incorporated Common Stock,TXN,238275.5,280.0899963378906,7.35,-6.03,44.27,52.45
2026-09-30,NASDAQ,Amgen Inc. Common Stock,AMGN,232406.9,421.510009765625,-1.95,16.4,19.8,49.37
2026-09-30,NASDAQ,Sandisk Corporation Common Stock,SNDK,229394.6,1739.8900146484375,11.05,-23.48,173.85,1450.7
2026-09-30,NASDAQ,KLA Corporation Common Stock,KLAC,229233.6,194.92999267578125,11.1,-35.39,32.39,80.73
2026-09-30,NYSE,Thermo Fisher Scientific Inc Common Stock,TMO,228171.1,675.0499877929688,9.39,34.64,37.34,39.18
2026-09-30,NASDAQ,Linde plc Ordinary Shares,LIN,225686.7,474.6499938964844,-3.05,-8.53,-4.26,-0.07
2026-09-30,NYSE,American Express Company Common Stock,AXP,222967.0,304.1000061035156,-7.9,-10.1,0.54,-8.45
2026-09-30,NYSE,Citigroup Inc. Common Stock,C,220784.2,129.47999572753906,-1.63,-7.49,14.17,27.57
2026-09-30,NYSE,International Business Machines Corporation Common Stock,IBM,220337.0,219.92999267578125,-5.96,-21.79,-9.27,-22.05
2026-09-30,NYSE,Banco Santander S.A. Sponsored ADR (Spain),SAN,213876.5,13.829999923706055,-5.01,0.22,22.61,31.97
2026-09-30,NYSE,Salesforce Inc. Common Stock,CRM,211955.4,229.57000732421875,-10.86,46.54,22.98,-3.14
2026-09-30,NYSE,Novo Nordisk A/S Common Stock,NVO,200718.1,37.90999984741211,-16.37,-20.92,3.16,-31.68
2026-09-30,NYSE,Verizon Communications Inc. Common Stock,VZ,207821.9,45.869998931884766,-8.3,8.34,-8.63,4.37
2026-09-30,NYSE,Amphenol Corporation Common Stock,APH,195489.5,84.30000305175781,6.34,-4.38,33.44,36.24
2026-09-30,NYSE,Toronto Dominion Bank (The) Common Stock,TD,199794.1,117.52999877929688,-2.8,-3.21,25.96,47.0
2026-09-30,NASDAQ,T-Mobile US Inc. Common Stock,TMUS,193552.9,163.0800018310547,-9.62,-2.77,-22.35,-31.87
2026-09-30,NASDAQ,PepsiCo Inc. Common Stock,PEP,191548.9,126.72000122070312,-9.7,-6.41,-18.4,-9.77
2026-09-30,NYSE,TotalEnergies SE Ordinary Shares,TTE,192680.2,85.5,-3.18,9.95,-6.02,43.24
2026-09-30,NASDAQ,Shopify Inc. Class A Subordinate Voting Shares,SHOP,190963.7,148.3000030517578,0.63,29.88,25.02,-0.21
2026-09-30,NYSE,Abbott Laboratories Common Stock,ABT,190965.1,98.83000183105469,-10.45,8.92,-3.74,-26.21
2026-09-30,NYSE,Charles Schwab Corporation (The) Common Stock,SCHW,189915.6,97.73999786376953,-11.0,5.93,4.0,2.38
2026-09-30,NASDAQ,Seagate Technology Holdings PLC Ordinary Shares (Ireland),STX,187747.8,922.3400268554688,11.34,-4.42,135.43,290.72
2026-09-30,NASDAQ,Gilead Sciences Inc. Common Stock,GILD,181455.0,149.0500030517578,1.85,17.98,6.95,34.28
2026-09-30,NASDAQ,Marvell Technology Inc. Common Stock,MRVL,185364.7,264.2099914550781,24.83,-11.31,166.74,214.27
2026-09-30,NYSE,McDonald's Corporation Common Stock,MCD,186491.8,230.94000244140625,-12.37,-14.56,-25.69,-24.01
2026-09-30,NYSE,Walt Disney Company (The) Common Stock,DIS,185705.2,104.9000015258789,-2.46,8.99,8.84,-8.38
2026-09-30,NASDAQ,QUALCOMM Incorporated Common Stock,QCOM,179043.9,184.0399932861328,7.95,-0.41,42.91,10.63
2026-09-30,NYSE,BlackRock Inc. Common Stock,BLK,178968.5,1058.2900390625,-8.42,10.06,10.04,-9.23
2026-09-30,NYSE,Union Pacific Corporation Common Stock,UNP,178620.7,272.1300048828125,-9.49,0.05,12.16,15.13
2026-09-30,NYSE,AT&T Inc.,T,177408.3,24.399999618530273,-5.76,17.87,-15.83,-13.6
2026-09-30,NYSE,Deere & Company Common Stock,DE,176580.4,671.5499877929688,2.54,5.87,19.22,46.86
2026-09-30,NASDAQ,Analog Devices Inc. Common Stock,ADI,175480.5,396.7099914550781,9.55,-0.12,24.7,61.46
2026-09-30,NYSE,UBS Group AG Registered Ordinary Shares,UBS,172923.4,48.130001068115234,-13.62,-2.89,23.19,17.39
2026-09-30,NYSE,NextEra Energy Inc. Common Stock,NEE,171759.4,75.73999786376953,-8.02,-13.71,-18.45,0.33
2026-09-30,NYSE,Southern Copper Corporation Common Stock,SCCO,174266.9,202.63999938964844,-2.98,17.68,20.38,73.41
2026-09-30,NYSE,Welltower Inc. Common Stock,WELL,170268.8,230.24000549316406,-2.54,1.44,16.45,29.25
2026-09-30,NYSE,Banco Bilbao Vizcaya Argentaria S.A. Common Stock,BBVA,165331.7,27.8700008392334,-3.76,11.21,28.67,44.78
2026-09-30,NASDAQ,Western Digital Corporation Common Stock,WDC,162441.7,454.4599914550781,0.87,-28.85,68.01,278.53
2026-09-30,NYSE,Boeing Company (The) Common Stock,BA,164223.1,186.0500030517578,-10.46,-14.05,-6.52,-13.8
2026-09-30,NYSE,ConocoPhillips Common Stock,COP,159165.2,125.1500015258789,-5.54,20.38,-5.19,32.31
2026-09-30,NYSE,Pfizer Inc. Common Stock,PFE,162212.7,28.520000457763672,0.21,18.44,1.57,11.93
2026-09-30,NYSE,Anheuser-Busch Inbev SA Sponsored ADR (Belgium),BUD,155995.7,73.47000122070312,-7.12,-10.84,5.91,23.25
2026-09-30,NYSE,Eaton Corporation PLC Ordinary Shares,ETN,156090.2,429.7099914550781,6.92,0.84,20.14,14.82
2026-09-30,NYSE,Uber Technologies Inc. Common Stock,UBER,154519.7,68.51000213623047,-9.44,-5.06,-4.75,-30.07
2026-09-30,NYSE,ServiceNow Inc. Common Stock,NOW,153021.7,134.00999450683594,-9.45,34.98,28.18,-27.19
2026-09-30,NYSE,Danaher Corporation Common Stock,DHR,150129.7,221.5500030517578,3.74,16.31,16.85,11.75
2026-09-30,NASDAQ,Booking Holdings Inc. Common Stock,BKNG,149592.3,162.91000366210938,-18.17,-8.6,-3.27,-24.57
2026-09-30,NYSE,Sony Group Corporation American Depositary Shares,SONY,145092.3,23.530000686645508,-4.19,17.3,13.67,-18.27
2026-09-30,NYSE,Unilever PLC American Depositary Shares (each representing One Ordinary Share),UL,141710.6,60.72999954223633,-6.35,1.01,6.6,-9.03
2026-09-30,NYSE,TJX Companies Inc. (The) Common Stock,TJX,147931.0,132.30999755859375,-1.19,-12.67,-17.15,-8.46
2026-09-30,NASDAQ,Vertex Pharmaceuticals Incorporated Common Stock,VRTX,138014.5,522.8099975585938,-3.99,5.25,17.08,33.49
2026-09-30,NASDAQ,Monster Beverage Corporation,MNST,134939.6,41.619998931884766,-9.36,-13.4,14.88,23.67
2026-09-30,NYSE,Bristol-Myers Squibb Company Common Stock,BMY,136473.8,62.400001525878906,-6.6,8.3,2.89,38.36
2026-09-30,NASDAQ,Intuitive Surgical Inc. Common Stock,ISRG,133136.4,406.6300048828125,7.9,2.25,-11.79,-9.08
2026-09-30,NYSE,Prologis Inc. Common Stock,PLD,132654.8,129.83999633789062,-7.2,-4.16,-1.77,13.38
2026-09-30,NYSE,Newmont Corporation,NEM,132828.4,115.33999633789062,-8.5,23.49,6.55,36.8
2026-09-30,NYSE,Mizuho Financial Group Inc. Sponosred ADR (Japan),MFG,132459.9,11.050000190734863,3.85,15.34,39.17,64.93
2026-09-30,NYSE,Capital One Financial Corporation Common Stock,COF,131598.6,193.07000732421875,-9.99,-3.76,5.83,-9.18
2026-09-30,NYSE,Chubb Limited  Common Stock,CB,130631.8,325.25,-3.94,-4.55,-0.21,15.23
2026-09-30,NYSE,Lockheed Martin Corporation Common Stock,LMT,129526.7,509.25,-9.26,-0.04,-15.74,2.01
2026-09-30,NYSE,Rio Tinto Plc Common Stock,RIO,128744.0,94.16999816894531,-8.13,-0.8,0.94,42.66
2026-09-30,NYSE,S&P Global Inc. Common Stock,SPGI,128485.6,394.4700012207031,-9.49,2.38,-1.97,-14.33
2026-09-30,NYSE,Corning Incorporated Common Stock,GLW,128114.3,153.75999450683594,3.38,-39.8,13.08,87.44
2026-09-30,NYSE,Progressive Corporation (The) Common Stock,PGR,126785.6,207.30999755859375,-4.94,-5.1,4.58,-16.05
2026-09-30,NYSE,Accenture plc Class A Ordinary Shares (Ireland),ACN,126666.7,183.3699951171875,-3.37,47.36,-7.52,-25.64
2026-09-30,NASDAQ,Fortinet Inc. Common Stock,FTNT,125413.7,178.75999450683594,4.58,16.37,118.75,112.61
2026-09-30,NYSE,Petroleo Brasileiro S.A. Petrobras ADS,PBR,124698.5,20.8700008392334,7.86,29.15,0.58,64.85
2026-09-30,NYSE,Parker-Hannifin Corporation Common Stock,PH,123455.9,955.4199829101562,-2.45,-2.32,6.72,26.02
2026-09-30,NYSE,Stryker Corporation Common Stock,SYK,124201.0,275.3900146484375,-14.95,-12.53,-16.19,-25.5
2026-09-30,NASDAQ,Starbucks Corporation Common Stock,SBUX,121125.0,93.95999908447266,-11.57,-8.05,4.88,11.06
2026-09-30,NYSE,British American Tobacco  Industries p.l.c. Common Stock ADR,BTI,120468.6,54.400001525878906,-2.11,-11.92,-6.96,2.49
2026-09-30,NYSE,CVS Health Corporation Common Stock,CVS,120108.1,85.69000244140625,-8.75,-17.17,19.31,13.66
2026-09-30,NYSE,Bank Of Montreal Common Stock,BMO,118731.0,167.25,-1.8,-5.35,23.58,28.41
2026-09-30,NASDAQ,PDD Holdings Inc. American Depositary Shares,PDD,119565.3,77.94000244140625,-7.21,2.18,-23.72,-41.03
2026-09-30,NYSE,Sumitomo Mitsui Financial Group Inc Unsponsored American Depositary Shares (Japan),SMFG,117865.3,25.90999984741211,0.27,9.88,31.19,54.78
2026-09-30,NYSE,HDFC Bank Limited Common Stock,HDB,116476.5,22.34000015258789,-1.59,-13.51,-10.21,-34.6
2026-09-30,NASDAQ,Adobe Inc. Common Stock,ADBE,116384.0,239.94000244140625,-18.05,17.03,-1.29,-31.98
2026-09-30,NYSE,Medtronic plc. Ordinary Shares,MDT,116030.3,86.29000091552734,-4.81,10.3,-0.42,-9.4
2026-09-30,NYSE,Snowflake Inc. Common Stock,SNOW,114873.6,339.55999755859375,2.45,33.42,125.14,50.55
2026-09-30,NYSE,Lowe's Companies Inc. Common Stock,LOW,114847.8,184.2899932861328,-9.97,-16.42,-22.0,-26.67
2026-09-30,NYSE,Altria Group Inc.,MO,114344.1,67.33999633789062,-1.66,-6.41,2.05,1.94
2026-09-30,NASDAQ,Automatic Data Processing Inc. Common Stock,ADP,113680.7,258.05999755859375,-9.82,15.23,27.01,-12.07
2026-09-30,NYSE,Bank Nova Scotia Halifax Pfd 3 Ordinary Shares,BNS,112447.3,90.83999633789062,-0.89,4.61,31.06,40.51
2026-09-30,NYSE,BP p.l.c. Common Stock,BP,112230.7,43.9900016784668,2.61,19.05,-6.4,27.66
2026-09-30,NYSE,Spotify Technology S.A. Ordinary Shares,SPOT,111894.7,487.3800048828125,-10.35,6.15,0.51,-30.17
2026-09-30,NYSE,Enbridge Inc Common Stock,ENB,110424.5,46.4900016784668,-8.07,-14.24,-14.13,-7.87
2026-09-30,NASDAQ,Airbnb Inc. Class A Common Stock,ABNB,109709.5,160.64999389648438,-12.32,12.26,27.22,32.31
2026-09-30,NYSE,The Bank of New York Mellon Corporation Common Stock,BNY,109429.1,144.6300048828125,-10.32,0.01,21.92,32.74
2026-09-30,NYSE,Freeport-McMoRan Inc. Common Stock,FCX,108764.0,70.0,-7.58,11.31,19.09,78.48
2026-09-30,NYSE,ICICI Bank Limited Common Stock,IBN,108690.5,27.549999237060547,-9.26,-5.1,6.37,-8.87
2026-09-30,NYSE,Cloudflare Inc. Class A Common Stock,NET,108643.5,347.2799987792969,13.82,41.59,68.3,61.83
2026-09-30,NYSE,Blackstone Inc. Common Stock,BX,107519.5,112.08999633789062,-21.75,-4.74,-2.52,-34.39
2026-09-30,NASDAQ,Sanofi ADS,SNY,108187.6,41.22999954223633,-7.06,-3.35,-14.43,-12.65
2026-09-30,NYSE,Equinor ASA,EQNR,107011.6,41.599998474121094,-2.8,32.48,-1.42,70.63
2026-09-30,NYSE,Marathon Petroleum Corporation Common Stock,MPC,104837.5,395.4200134277344,5.92,54.66,61.94,105.16
2026-09-30,NASDAQ,Applovin Corporation Class A Common Stock,APP,104431.2,290.42999267578125,-6.93,-43.63,-27.03,-59.58
2026-09-30,NYSE,Canadian Imperial Bank of Commerce Common Stock,CM,103848.9,110.18000030517578,-2.94,-4.19,16.28,37.91
2026-09-30,NYSE,Canadian Natural Resources Limited Common Stock,CNQ,103586.8,47.06999969482422,-5.99,19.16,-3.41,47.28
2026-09-30,NASDAQ,Equinix Inc. Common Stock REIT,EQIX,103281.6,1011.5800170898438,-3.36,-2.96,3.2,29.15
2026-09-30,NYSE,Valero Energy Corporation Common Stock,VLO,103342.9,387.6099853515625,7.99,48.83,56.88,127.66
2026-09-30,NYSE,McKesson Corporation Common Stock,MCK,103219.8,853.8099975585938,-3.56,13.0,-1.33,10.52
2026-09-30,NASDAQ,CME Group Inc. Class A Common Stock,CME,102659.9,261.9800109863281,-8.24,18.63,-11.3,-3.04
2026-09-30,NYSE,Agnico Eagle Mines Limited Common Stock,AEM,103090.7,183.27000427246094,-9.77,18.14,-9.71,8.73
2026-09-30,NYSE,ING Group N.V. Common Stock,ING,102514.1,35.5,0.51,13.13,36.28,36.12
2026-09-30,NYSE,Southern Company (The) Common Stock,SO,101231.9,82.88999938964844,-5.81,-13.39,-14.12,-12.54
2026-09-30,NYSE,GSK plc American Depositary Shares (Each representing two Ordinary Shares),GSK,101762.7,48.16999816894531,-4.14,-8.11,-12.72,11.61
2026-09-30,NYSE,Brookfield Corporation Class A Limited Voting Shares,BN,101019.9,36.459999084472656,-11.55,-14.39,-9.91,-20.25
2026-09-30,NYSE,General Dynamics Corporation Common Stock,GD,100471.4,331.8299865722656,-10.64,-6.33,-3.32,-2.69
2026-09-30,NASDAQ,DoorDash Inc. Class A Common Stock,DASH,100412.5,183.5500030517578,-20.79,-0.53,22.24,-32.52
2026-09-30,NYSE,Vertiv Holdings LLC Class A Common Stock,VRT,99604.1,241.30999755859375,-6.73,-27.93,-3.7,59.96
2026-09-30,NYSE,Ferrari N.V. Common Shares,RACE,98865.0,392.8500061035156,-7.04,5.52,16.07,-19.04
2026-09-30,NYSE,KKR & Co. Inc. Common Stock,KKR,98488.6,91.30000305175781,-16.79,-0.52,-1.3,-29.74
2026-09-30,NYSE,Phillips 66 Common Stock,PSX,98390.6,255.30999755859375,3.54,51.03,40.14,87.7
2026-09-30,NASDAQ,Intuit Inc. Common Stock,INTU,98281.8,275.7099914550781,-23.26,5.64,-36.23,-59.63
2026-09-30,NASDAQ,MercadoLibre Inc. Common Stock,MELI,98159.1,1728.530029296875,-10.73,1.83,-0.03,-26.03
2026-09-30,NYSE,Trane Technologies plc,TT,97778.3,451.9800109863281,1.71,-7.98,8.46,7.11
2026-09-30,NYSE,Howmet Aerospace Inc. Common Stock,HWM,97686.4,226.17999267578125,-7.66,-15.87,-1.86,15.26
2026-09-30,NASDAQ,Constellation Energy Corporation Common Stock,CEG,97353.0,254.02000427246094,-7.55,2.27,-9.03,-22.81
2026-09-30,NYSE,PNC Financial Services Group Inc. (The) Common Stock,PNC,95598.9,222.25999450683594,-7.25,-9.73,6.81,10.62
2026-09-30,NASDAQ,Comcast Corporation Class A Common Stock,CMCSA,94464.7,21.760000228881836,-18.26,-11.36,-24.21,-26.1
2026-09-30,NASDAQ,Robinhood Markets Inc. Class A Common Stock,HOOD,94232.8,112.5,7.34,12.19,62.34,-21.43
2026-09-30,NYSE,U.S. Bancorp Common Stock,USB,95944.8,57.7599983215332,-6.2,-4.37,11.06,19.51
2026-09-30,NASDAQ,CSX Corporation Common Stock,CSX,93568.5,46.5099983215332,-7.92,-2.15,13.3,30.98
2026-09-30,NYSE,Duke Energy Corporation (Holding Company) Common Stock,DUK,93494.1,114.01000213623047,-4.92,-9.93,-12.93,-7.87
2026-09-30,NASDAQ,Cadence Design Systems Inc. Common Stock,CDNS,93297.6,330.19000244140625,-2.54,-12.02,18.83,-6.0
2026-09-30,NYSE,Barclays PLC Common Stock,BCS,92614.6,24.270000457763672,-8.9,-9.64,14.7,17.42
2026-09-30,NYSE,Williams Companies Inc. (The) Common Stock,WMB,91798.7,67.97000122070312,-9.43,-8.57,-6.61,7.29
2026-09-30,NYSE,Marsh Common Stock,MRSH,90574.7,170.72999572753906,-10.05,2.44,-1.57,-15.28
2026-09-30,NYSE,Intercontinental Exchange Inc. Common Stock,ICE,90216.1,152.02999877929688,-5.4,23.49,-3.34,-9.76
2026-09-30,NYSE,HCA Healthcare Inc. Common Stock,HCA,89729.0,426.739990234375,2.97,9.45,-9.83,0.13
2026-09-30,NYSE,Quanta Services Inc. Common Stock,PWR,89442.4,642.510009765625,5.83,-10.77,17.03,55.04
2026-09-30,NYSE,SLB Limited Common Shares,SLB,89197.0,48.720001220703125,-18.94,4.8,-5.2,41.75
2026-09-30,NASDAQ,Marriott International Class A Common Stock,MAR,89119.5,355.6700134277344,4.07,-4.03,8.74,36.57
2026-09-30,NYSE,United Parcel Service Inc. Common Stock,UPS,88677.0,93.44000244140625,-10.35,-13.08,-5.02,11.86
2026-09-30,NYSE,Waste Management Inc. Common Stock,WM,87505.6,203.9199981689453,-6.85,-8.51,-11.26,-7.66
2026-09-30,NYSE,Moody's Corporation Common Stock,MCO,87403.6,454.1300048828125,-10.01,0.27,4.1,-4.69
2026-09-30,NYSE,3M Company Common Stock,MMM,88616.6,164.14999389648438,-4.47,1.38,13.03,5.78
2026-09-30,NYSE,Lloyds Banking Group Plc American Depositary Shares,LYG,86999.4,5.630000114440918,-4.09,-3.43,11.93,24.01
2026-09-30,NYSE,ENI S.p.A. Common Stock,E,86221.4,54.29999923706055,-0.91,15.88,-4.08,55.36
2026-09-30,NYSE,Elevance Health Inc. Common Stock,ELV,85129.9,388.82000732421875,-0.95,0.54,32.82,20.33
2026-09-30,NASDAQ,Datadog Inc. Class A Common Stock,DDOG,85115.1,273.8500061035156,15.53,5.18,131.98,92.31
2026-09-30,NYSE,Emerson Electric Company Common Stock,EMR,85031.0,155.10000610351562,1.74,8.35,18.38,18.23
2026-09-30,NASDAQ,Synopsys Inc. Common Stock,SNPS,84241.6,434.94000244140625,-1.06,-2.5,9.7,-11.85
2026-09-30,NYSE,Itau Unibanco Banco Holding SA American Depositary Shares (Each repstg 500 Preferred shares),ITUB,83911.9,8.529999732971191,12.09,4.41,1.79,19.7
2026-09-30,NYSE,Enterprise Products Partners L.P. Common Stock,EPD,83830.9,35.61000061035156,-8.27,-3.13,-5.89,13.88
2026-09-30,NYSE,ASE Technology Holding Co. Ltd. American Depositary Shares (each representing Two Common Shares),ASX,82283.9,44.459999084472656,20.32,-1.46,105.07,300.9
2026-09-30,NYSE,Canadian Pacific Kansas City Limited Common Shares,CP,82703.9,85.0999984741211,-8.19,-1.79,8.19,14.24
2026-09-30,NYSE,Johnson Controls International plc Ordinary Share,JCI,83737.7,148.64999389648438,7.53,1.74,13.52,35.2
2026-09-30,NASDAQ,Regeneron Pharmaceuticals Inc. Common Stock,REGN,82269.3,758.27001953125,-5.11,21.61,-1.86,34.86
2026-09-30,NYSE,Brookfield Asset Management Inc Class A Limited Voting Shares,BAM,82257.7,44.58000183105469,-13.44,-0.6,0.29,-21.71
2026-09-30,NYSE,Sherwin-Williams Company (The) Common Stock,SHW,82248.9,323.2699890136719,-4.59,-6.11,0.85,-6.64
2026-09-30,NASDAQ,Lumentum Holdings Inc. Common Stock,LITE,82054.0,971.260009765625,6.18,13.19,38.21,496.93
2026-09-30,NYSE,American Tower Corporation (REIT) Common Stock,AMT,81869.2,163.69000244140625,-6.84,0.07,-5.15,-14.89
2026-09-30,NYSE,Carvana Co. Class A Common Stock,CVNA,80840.1,62.540000915527344,-14.87,-4.98,-0.53,-17.11
2026-09-30,NASDAQ,Cintas Corporation Common Stock,CTAS,80750.2,195.05999755859375,-3.34,14.69,15.32,-4.97
2026-09-30,NYSE,Apollo Global Management Inc. (New) Common Stock,APO,80656.4,116.05999755859375,-15.02,-1.9,4.16,-12.91
2026-09-30,NYSE,Ecolab Inc. Common Stock,ECL,79389.1,274.5799865722656,-3.04,-1.45,3.22,0.26
2026-09-30,NYSE,Motorola Solutions Inc. Common Stock,MSI,80314.1,445.9700012207031,-8.1,7.39,2.77,-2.48
2026-09-30,NASDAQ,Mondelez International Inc. Class A Common Stock,MDLZ,79220.4,57.81999969482422,-6.85,-0.03,0.31,-7.44
2026-09-30,NYSE,National Grid Transco PLC National Grid PLC (NEW) American Depositary Shares,NGG,78551.2,75.81999969482422,-4.22,-8.51,-10.38,4.33
2026-09-30,NYSE,Illinois Tool Works Inc. Common Stock,ITW,78425.4,257.2799987792969,-6.57,-4.88,-1.16,-1.33
2026-09-30,NASDAQ,NetEase Inc. American Depositary Shares,NTES,77711.2,121.16000366210938,-0.51,-5.45,8.24,-20.28
2026-09-30,NYSE,Suncor Energy  Inc. Common Stock,SU,78154.7,67.87000274658203,1.57,26.43,2.66,62.33
2026-09-30,NYSE,Cummins Inc. Common Stock,CMI,77697.8,516.5700073242188,-8.47,-27.57,-3.99,22.3
2026-09-30,NYSE,FedEx Corporation Common Stock,FDX,77485.9,285.0899963378906,-12.92,-8.95,-0.67,50.03
2026-09-30,NYSE,Norfolk Southern Corporation Common Stock,NSC,76993.5,309.0,-9.86,-1.78,7.67,2.86
2026-09-30,NYSE,EOG Resources Inc. Common Stock,EOG,76035.7,137.75999450683594,-4.97,6.19,-4.71,22.87
2026-09-30,NYSE,Northrop Grumman Corporation Common Stock,NOC,76671.4,483.4800109863281,-10.42,-5.07,-29.13,-20.65
2026-09-30,NYSE,The Travelers Companies Inc. Common Stock,TRV,76323.9,356.510009765625,-2.57,7.99,22.23,27.68
2026-09-30,NYSE,General Motors Company Common Stock,GM,75741.6,77.0,-10.8,-0.1,3.36,26.29
2026-09-30,NYSE,Deutsche Bank AG Common Stock,DB,75368.9,35.88999938964844,-10.41,6.31,20.52,1.36
2026-09-30,NYSE,NatWest Group plc American Depositary Shares (each representing two (2) Ordinary Shares),NWG,74866.1,18.149999618530273,-0.27,2.95,21.81,28.27
2026-09-30,NYSE,Energy Transfer LP Common Units,ET,74065.4,19.770000457763672,-8.09,3.4,2.44,15.21
2026-09-30,NYSE,Barrick Mining Corporation Common Shares,B,73785.0,40.66999816894531,-9.28,10.73,-0.29,24.11
2026-09-30,NYSE,Canadian National Railway Company Common Stock,CNI,75361.5,118.9000015258789,-4.69,-0.29,15.7,26.09
2026-09-30,NASDAQ,Ross Stores Inc. Common Stock,ROST,73311.3,233.39999389648438,2.13,9.65,7.74,53.16
2026-09-30,NYSE,The Cigna Group Common Stock,CI,72951.5,271.8299865722656,-1.54,-1.4,1.9,-5.7
2026-09-30,NYSE,Target Corporation Common Stock,TGT,73070.3,156.69000244140625,-2.6,19.97,29.28,74.68
2026-09-30,NYSE,Kinder Morgan Inc. Common Stock,KMI,71792.1,30.149999618530273,-6.48,-5.69,-10.08,6.5
2026-09-30,NYSE,Royal Caribbean Cruises Ltd. Common Stock,RCL,71875.1,265.8599853515625,-1.07,-16.27,-3.39,-17.84
2026-09-30,NASDAQ,O'Reilly Automotive Inc. Common Stock,ORLY,71835.7,85.41000366210938,-3.82,-7.25,-7.47,-20.78
2026-09-30,NASDAQ,Warner Bros. Discovery Inc. Series A Common Stock,WBD,71630.4,30.950000762939453,8.48,16.09,12.71,58.47
2026-09-30,NYSE,Hilton Worldwide Holdings Inc. Common Stock,HLT,71183.5,318.1199951171875,0.58,-3.73,4.62,22.62
2026-09-30,NYSE,Manulife Financial Corporation Common Stock,MFC,70777.6,42.59000015258789,0.42,5.13,23.66,36.73
2026-09-30,NYSE,Nu Holdings Ltd. Class A Ordinary Shares,NU,70650.1,12.65999984741211,-12.99,-5.24,-11.9,-20.92
2026-09-30,NYSE,Colgate-Palmolive Company Common Stock,CL,71602.1,85.31999969482422,-5.01,-6.94,0.11,6.73
2026-09-30,NYSE,Boston Scientific Corporation Common Stock,BSX,69997.8,43.650001525878906,-9.63,2.27,-30.44,-55.29
2026-09-30,NYSE,Sea Limited American Depositary Shares each representing one Class A Ordinary Share,SE,69504.7,97.36000061035156,-14.21,1.6,17.57,-45.53
2026-09-30,NYSE,Hewlett Packard Enterprise Company Common Stock,HPE,69176.4,63.88999938964844,22.3,41.63,168.33,160.14
2026-09-30,NYSE,America Movil S.A.B. de C.V. American Depositary Shares (each representing the right to receive twenty (20) Series B Shares,AMX,69344.6,21.190000534057617,-8.03,-18.47,-16.84,0.9
2026-09-30,NYSE,Air Products and Chemicals Inc. Common Stock,APD,68912.3,278.2300109863281,-10.09,-5.1,-4.22,2.02
2026-09-30,NYSE,Simon Property Group Inc. Common Stock,SPG,68696.5,200.75999450683594,-5.44,-10.23,7.63,6.98
2026-09-30,NYSE,Digital Realty Trust Inc. Common Stock,DLR,68675.0,175.52999877929688,-5.42,-2.26,-2.6,1.53
2026-09-30,NYSE,Aon plc Class A Ordinary Shares (Ireland),AON,68202.6,276.7699890136719,-13.92,-16.56,-14.25,-22.38
2026-09-30,NYSE,Wheaton Precious Metals Corp Common Shares (Canada),WPM,68500.9,133.72000122070312,-11.34,19.05,2.07,19.56
2026-09-30,NASDAQ,Honeywell International Inc. Common Stock,HON,67676.2,210.94000244140625,-1.21,-5.79,-11.02,1.38
2026-09-30,NYSE,Republic Services Inc. Common Stock,RSG,67648.6,209.8699951171875,-5.0,-1.51,-4.18,-8.55
2026-09-30,NYSE,Arthur J. Gallagher & Co. Common Stock,AJG,67189.0,228.11000061035156,-12.98,-0.64,5.32,-26.35
2026-09-30,NYSE,RELX PLC PLC American Depositary Shares (Each representing One Ordinary Share),RELX,66447.5,33.18000030517578,-8.92,4.77,0.09,-30.53
2026-09-30,NASDAQ,American Electric Power Company Inc. Common Stock,AEP,66650.6,118.63999938964844,-3.1,-13.28,-9.49,5.46
2026-09-30,NASDAQ,PACCAR Inc. Common Stock,PCAR,65337.7,109.80999755859375,-11.54,-8.58,-4.93,11.69
2026-09-30,NYSE,Allstate Corporation (The) Common Stock,ALL,65186.8,221.86000061035156,-13.94,-6.76,7.0,3.36
2026-09-30,NYSE,Transdigm Group Incorporated Common Stock,TDG,64769.7,1082.5999755859375,-7.61,-18.73,-6.59,-17.86
2026-09-30,NYSE,United Rentals Inc. Common Stock,URI,64607.7,1000.780029296875,-3.59,-11.66,37.36,4.83
2026-09-30,NYSE,VALE S.A.  American Depositary Shares Each Representing one common share,VALE,64427.0,13.40999984741211,-11.13,-10.84,-15.71,23.48
2026-09-30,NASDAQ,argenx SE American Depositary Shares,ARGX,64027.8,958.9099731445312,-7.05,3.36,31.31,30.01
2026-09-30,NYSE,CRH PLC Ordinary Shares,CRH,63112.0,82.80000305175781,-12.19,-22.62,-21.23,-30.94
2026-09-30,NASDAQ,Baker Hughes Company Class A Common Stock,BKR,63084.4,54.900001525878906,-13.61,-1.08,-10.07,12.68
2026-09-30,NYSE,Targa Resources Inc. Common Stock,TRGP,62967.7,270.30999755859375,-7.95,0.81,7.81,61.34
2026-09-30,NYSE,TC Energy Corporation Common Stock,TRP,62530.0,57.779998779296875,-7.6,-12.84,-7.7,6.19
2026-09-30,NASDAQ,Monolithic Power Systems Inc. Common Stock,MPWR,62302.0,1347.219970703125,6.27,-2.54,23.22,46.34
2026-09-30,NYSE,Cencora Inc. Common Stock,COR,61751.7,300.25,-7.22,6.1,-4.42,-3.93
2026-09-30,NYSE,W.W. Grainger Inc. Common Stock,GWW,61678.2,1245.760009765625,-4.87,-8.43,14.21,30.73
2026-09-30,NYSE,Bloom Energy Corporation Class A Common Stock,BE,60761.0,276.9800109863281,34.26,-8.5,104.43,227.52
2026-09-30,NYSE,Truist Financial Corporation Common Stock,TFC,60568.2,46.29999923706055,-6.62,-7.07,0.72,1.27
2026-09-30,NYSE,ONEOK Inc. Common Stock,OKE,60521.8,85.2699966430664,-11.19,-1.92,-5.66,16.86
2026-09-30,NYSE,MetLife Inc. Common Stock,MET,60478.3,94.16000366210938,-1.06,11.29,33.14,14.31
2026-09-30,NYSE,Cheniere Energy Inc. Common Stock,LNG,60243.9,269.0299987792969,-7.77,12.56,-5.19,14.49
2026-09-30,NYSE,Cenovus Energy Inc Common Stock,CVE,60281.2,31.079999923706055,-3.33,25.27,17.15,82.93
2026-09-30,NYSE,MPLX LP Common Units Representing Limited Partner Interests,MPLX,59990.0,56.31999969482422,-4.82,-0.02,-1.31,12.75
2026-09-30,NYSE,Nokia Corporation Sponsored American Depositary Shares,NOK,58226.3,10.140000343322754,0.0,-23.64,26.12,110.81
2026-09-30,NYSE,Occidental Petroleum Corporation Common Stock,OXY,60158.2,55.31999969482422,-8.08,13.9,-14.89,17.08
2026-09-30,NYSE,TE Connectivity plc Ordinary Shares,TEL,59422.6,211.0800018310547,2.84,4.7,0.99,-3.85
2026-09-30,NYSE,AFLAC Incorporated Common Stock,AFL,58080.6,111.77999877929688,-3.51,-4.67,1.89,0.07
2026-09-30,NYSE,Takeda Pharmaceutical Company Limited American Depositary Shares (each representing 1/2 of a share of Common Stock),TAK,56814.0,18.190000534057617,1.17,13.47,-1.78,24.25
2026-09-30,NYSE,Dominion Energy Inc. Common Stock,D,58057.5,60.52000045776367,-8.32,-11.38,-2.1,-1.06
2026-09-30,NYSE,Realty Income Corporation Common Stock,O,57984.2,54.29999923706055,-11.39,-12.36,-11.25,-10.68
2026-09-30,NYSE,Nike Inc. Common Stock,NKE,57945.5,35.400001525878906,-9.37,-13.76,-32.98,-49.23
2026-09-30,NYSE,AngloGold Ashanti PLC Ordinary Shares,AU,56808.0,93.94999694824219,-16.36,16.15,-3.5,33.58
2026-09-30,NASDAQ,NXP Semiconductors N.V. Common Stock,NXPI,56646.2,237.52999877929688,5.74,-15.48,20.66,4.3
2026-09-30,NYSE,Nucor Corporation Common Stock,NUE,56637.2,233.75,-6.37,4.94,38.23,72.6
2026-09-30,NYSE,Arcelor Mittal NY Registry Shares NEW,MT,56780.0,66.73999786376953,-10.54,10.83,28.4,84.62
2026-09-30,NASDAQ,Fastenal Company Common Stock,FAST,56583.1,49.529998779296875,0.45,3.12,6.75,1.0
2026-09-30,NYSE,Corteva Inc. Common Stock,CTVA,56464.8,77.6500015258789,-8.25,-8.31,-7.24,14.82
2026-09-30,NASDAQ,Diamondback Energy Inc. Common Stock,FANG,56139.3,183.80999755859375,-8.32,4.57,-7.07,28.45
2026-09-30,NASDAQ,Nebius Group N.V. Class A Ordinary Shares,NBIS,56089.2,235.8800048828125,14.33,-14.59,127.33,110.1
2026-09-30,NASDAQ,Moderna Inc. Common Stock,MRNA,56028.8,192.57000732421875,37.22,174.98,279.07,645.53
2026-09-30,NASDAQ,Nasdaq Inc. Common Stock,NDAQ,55120.8,92.01000213623047,-6.69,16.73,8.39,4.02
2026-09-30,NYSE,Keysight Technologies Inc. Common Stock,KEYS,55147.9,364.0400085449219,12.81,3.99,28.92,108.12
2026-09-30,NYSE,Southern Company (The) 2025 Series A Corporate Units,SOMN,55044.9,44.7400016784668,-6.5,-10.05,-12.96,0.0
2026-09-30,NYSE,Garmin Ltd. Common Stock (Switzerland),GRMN,54791.3,286.8399963378906,0.96,20.75,23.63,16.5
2026-09-30,NASDAQ,Teradyne Inc. Common Stock,TER,54692.7,400.9100036621094,14.6,-17.14,35.23,191.27
2026-09-30,NYSE,Ford Motor Company Common Stock,F,54599.4,12.0600004196167,-13.49,-13.24,4.51,0.84
2026-09-30,NYSE,Cardinal Health Inc. Common Stock,CAH,54566.9,222.5,-5.17,-6.34,5.3,41.76
2026-09-30,NASDAQ,Autodesk Inc. Common Stock,ADSK,54549.8,209.0,-19.16,7.5,-12.7,-34.21
2026-09-30,NYSE,Coherent Corp. Common Stock,COHR,54408.1,287.80999755859375,3.59,-27.04,20.82,167.18
2026-09-30,NYSE,Ciena Corporation Common Stock,CIEN,54186.5,351.82000732421875,-8.09,-28.28,-9.38,141.52
2026-09-30,NYSE,Comfort Systems USA Inc. Common Stock,FIX,54397.1,1654.0899658203125,7.02,-16.54,19.95,100.45
2026-09-30,NYSE,AMETEK Inc.,AME,53915.4,247.72999572753906,5.34,2.39,15.57,31.77
2026-09-30,NYSE,Public Storage Common Stock,PSA,53913.9,282.8399963378906,-7.87,-11.14,4.42,-2.08
2026-09-30,NYSE,DBA Sempra Common Stock,SRE,53423.7,77.95999908447266,-4.58,-15.91,-19.77,-13.36
2026-09-30,NYSE,Devon Energy Corporation Common Stock,DVN,53361.0,46.040000915527344,-5.09,11.42,-8.51,31.32
2026-09-30,NYSE,State Street Corporation Common Stock,STT,52572.4,174.58999633789062,-8.77,2.94,37.95,50.5
2026-09-30,NASDAQ,Astera Labs Inc. Common Stock,ALAB,51521.6,355.9700012207031,19.86,-26.3,224.79,81.8
2026-09-30,NYSE,Edwards Lifesciences Corporation Common Stock,EW,52308.3,86.31999969482422,-4.88,-4.58,7.79,10.99
2026-09-30,NYSE,Delta Air Lines Inc. Common Stock,DAL,51294.6,83.45999908447266,7.0,-10.89,25.54,47.07
2026-09-30,NYSE,Vivmark Residential Common Shares of Beneficial Interest,VMRK,51297.8,60.7599983215332,-6.72,-10.55,2.72,-6.13
2026-09-30,NYSE,Becton Dickinson and Company Common Stock,BDX,51238.7,179.0,-4.84,18.28,13.85,21.65
2026-09-30,NYSE,Diageo plc Common Stock,DEO,51124.0,85.5999984741211,-6.8,6.49,14.98,-10.3
2026-09-30,NASDAQ,Strategy Inc Common Stock Class A,MSTR,51079.0,153.08999633789062,15.16,76.11,22.67,-52.49
2026-09-30,NYSE,Franco-Nevada Corporation,FNV,50754.7,238.11000061035156,-9.52,14.23,-3.62,6.82
2026-09-30,NASDAQ,Honeywell Aerospace Inc. Common Stock,HONA,50113.4,154.97000122070312,-1.99,-29.9,0.0,0.0
2026-09-30,NYSE,Ameriprise Financial Inc. Common Stock,AMP,49723.0,492.3500061035156,-10.99,7.32,10.79,0.22
2026-09-30,NASDAQ,Coinbase Global Inc. Class A Common Stock,COIN,49633.0,186.41000366210938,-0.91,27.51,6.76,-44.77
2026-09-30,NYSE,United Microelectronics Corporation (NEW) Common Stock,UMC,50050.5,24.489999771118164,23.19,-10.0,172.72,223.09
2026-09-30,NYSE,Entergy Corporation Common Stock,ETR,49607.6,99.26000213623047,-6.63,-13.58,-11.66,6.51
2026-09-30,NYSE,L3Harris Technologies Inc. Common Stock,LHX,49579.6,236.77999877929688,-11.07,-18.52,-31.4,-22.47
2026-09-30,NYSE,Block Inc. Class A Common Stock,XYZ,49277.2,73.52999877929688,-10.35,-3.25,22.18,1.74
2026-09-30,NASDAQ,Atlassian Corporation Class A Common Stock,TEAM,49152.0,179.2899932861328,-7.66,130.48,162.7,12.27
2026-09-30,NASDAQ,Coca-Cola Europacific Partners plc Ordinary Shares,CCEP,49039.2,101.70999908447266,-5.84,1.64,12.18,12.5
2026-09-30,NYSE,Infosys Limited American Depositary Shares,INFY,48919.7,10.760000228881836,-10.78,2.57,-20.36,-33.87
2026-09-30,NYSE,AutoZone Inc. Common Stock,AZO,48833.1,2830.02001953125,-5.39,-11.45,-16.22,-34.04
2026-09-30,NYSE,Fifth Third Bancorp Common Stock,FITB,48763.6,50.58000183105469,-5.93,-10.27,8.87,13.54
2026-09-30,NYSE,Westinghouse Air Brake Technologies Corporation Common Stock,WAB,48296.7,287.17999267578125,0.44,6.52,14.91,43.25
2026-09-30,NYSE,Chipotle Mexican Grill Inc. Common Stock,CMG,48123.8,31.950000762939453,-15.99,-6.03,-0.19,-18.47
2026-09-30,NASDAQ,Workday Inc. Class A Common Stock,WDAY,47585.4,190.4600067138672,-3.54,55.58,46.6,-20.88
2026-09-30,NYSE,Carrier Global Corporation Common Stock,CARR,47992.2,54.86000061035156,-5.77,-25.21,-2.58,-8.11
2026-09-30,NYSE,Ares Management Corporation Class A Common Stock,ARES,47285.8,116.16999816894531,-18.86,4.37,6.48,-27.34
2026-09-30,NASDAQ,Xcel Energy Inc. Common Stock,XEL,47278.6,70.4800033569336,-6.88,-12.23,-11.28,-12.61
2026-09-30,NYSE,Rockwell Automation Inc. Common Stock,ROK,47228.0,435.3299865722656,2.57,-12.07,21.3,24.55
2026-09-30,NASDAQ,CoreWeave Inc. Class A Common Stock,CRWV,46819.9,87.12000274658203,2.63,-12.48,12.46,-36.34
2026-09-30,NYSE,Ventas Inc. Common Stock,VTR,46765.3,85.0199966430664,-6.75,-4.26,3.96,21.47
2026-09-30,NASDAQ,Thomson Reuters Corporation Common Shares,TRI,46491.0,97.33000183105469,-9.31,19.17,8.17,-37.34
2026-09-30,NASDAQ,Natera Inc. Common Stock,NTRA,46408.7,413.30999755859375,28.37,52.26,106.67,156.76
2026-09-30,NYSE,Heico Corporation Common Stock,HEI,46280.7,303.17999267578125,-8.45,-14.88,10.57,-6.08
2026-09-30,NYSE,Veeva Systems Inc. Class A Common Stock,VEEV,46255.7,285.45001220703125,-0.08,60.84,62.5,-4.18
2026-09-30,NYSE,Vistra Corp. Common Stock,VST,46106.2,138.35000610351562,0.71,-12.78,-7.97,-29.38
2026-09-30,NASDAQ,eBay Inc. Common Stock,EBAY,46084.2,106.05000305175781,2.4,-5.1,16.51,16.6
2026-09-30,NASDAQ,Medline Inc. Class A Common Stock,MDLN,46054.2,34.70000076293945,-0.94,-12.02,-22.02,0.0
2026-09-30,NASDAQ,Axon Enterprise Inc. Common Stock,AXON,46025.9,422.5199890136719,-25.42,-24.63,-0.51,-41.12
2026-09-30,NYSE,Humana Inc. Common Stock,HUM,46018.4,381.57000732421875,-0.43,-3.94,120.06,46.66
2026-09-30,NASDAQ,Paychex Inc. Common Stock,PAYX,45292.7,98.5,-22.65,0.17,6.93,-22.29
2026-09-30,NYSE,Ambev S.A. American Depositary Shares (Each representing 1 Common Share),ABEV,45235.9,2.9200000762939453,1.74,-7.01,0.0,30.94
2026-09-30,NASDAQ,PayPal Holdings Inc. Common Stock,PYPL,45052.8,52.529998779296875,-0.26,21.65,16.14,-21.67
2026-09-30,NASDAQ,Exelon Corporation Common Stock,EXC,45130.1,40.400001525878906,-7.59,-13.34,-17.58,-10.24
2026-09-30,NYSE,STMicroelectronics N.V. Common Stock,STM,44752.2,53.36000061035156,6.42,-28.75,54.44,88.82
2026-09-30,NYSE,KB Financial Group Inc,KB,44748.2,123.0999984741211,-1.35,17.28,23.43,48.47
2026-09-30,NYSE,Haleon plc American Depositary Shares (Each representing two Ordinary Shares),HLN,44666.0,9.0,-10.27,-3.54,-10.09,0.33
2026-09-30,NYSE,Woodside Energy Group Limited American Depositary Shares each representing one Ordinary Share,WDS,44257.6,22.170000076293945,-4.77,14.75,-7.16,47.31
2026-09-30,NASDAQ,Interactive Brokers Group Inc. Class A Common Stock,IBKR,44080.0,85.41999816894531,-12.2,-1.86,27.36,24.14
2026-09-30,NASDAQ,Revolution Medicines Inc. Common Stock,RVMD,44061.1,205.25999450683594,-0.15,9.6,111.06,339.53
2026-09-30,NYSE,ORIX Corporation American Depositary Shares,IX,43806.4,37.709999084472656,-3.23,-0.87,25.74,44.37
2026-09-30,NASDAQ,IDEXX Laboratories Inc. Common Stock,IDXX,43856.7,522.1900024414062,-6.2,-0.81,-7.07,-18.27
2026-09-30,NASDAQ,Cerebras Systems Inc. Class A Common Stock,CBRS,43768.8,177.64999389648438,-3.58,-19.62,0.0,0.0
2026-09-30,NYSE,Sun Life Financial Inc. Common Stock,SLF,43647.1,77.97000122070312,-0.52,-0.57,24.63,29.89
2026-09-30,NYSE,Ferguson Enterprises Inc. Common Stock,FERG,43432.1,222.6199951171875,-0.84,-6.2,-4.56,-0.87
2026-09-30,NASDAQ,Keurig Dr Pepper Inc. Common Stock,KDP,43355.9,30.34000015258789,-4.77,-7.3,15.23,18.93
2026-09-30,NYSE,Agilent Technologies Inc. Common Stock,A,43370.2,172.30999755859375,12.21,29.72,51.18,34.25
2026-09-30,NYSE,Cameco Corporation Common Stock,CCJ,43013.2,86.66999816894531,-12.24,-14.91,-20.2,3.35
2026-09-30,NYSE,IQVIA Holdings Inc. Common Stock,IQV,42991.9,268.8500061035156,2.93,39.14,57.65,41.54
2026-09-30,NYSE,Banco Santander Brasil SA American Depositary Shares each representing one unit,BSBR,42959.4,5.570000171661377,-3.13,6.1,-6.07,-0.36
2026-09-30,NYSE,Live Nation Entertainment Inc. Common Stock,LYV,42388.2,169.3000030517578,-5.89,-7.54,11.01,3.61
2026-09-30,NASDAQ,Credo Technology Group Holding Ltd Ordinary Shares,CRDO,42508.9,194.7899932861328,-13.88,-28.37,107.51,33.78
2026-09-30,NYSE,CBRE Group Inc Common Stock Class A,CBRE,42223.0,128.47000122070312,-11.89,-4.62,-5.16,-18.46
2026-09-30,NYSE,Waste Connections Inc. Common Shares,WCN,42193.8,153.92999267578125,-6.89,-7.65,-5.24,-12.44
2026-09-30,NASDAQ,Huntington Bancshares Incorporated Depositary Shares each representing a 1/1000th interest in a share of Huntington Series I Preferred Stock,HBANM,42075.1,20.100000381469727,-3.48,-2.71,-6.94,-14.47
2026-09-30,NYSE,Teva Pharmaceutical Industries Limited American Depositary Shares,TEVA,42008.9,39.599998474121094,9.85,16.88,31.47,96.04
2026-09-30,NASDAQ,Ferrovial N.V. Ordinary Shares,FER,42124.3,54.099998474121094,-7.6,-21.15,-16.83,-7.68
2026-09-30,NASDAQ,Roper Technologies Inc. Common Stock,ROP,41997.3,349.4100036621094,-17.72,3.26,-1.26,-29.93
2026-09-30,NYSE,Yum! Brands Inc.,YUM,41838.5,136.33999633789062,-11.07,-14.71,-12.31,-10.3
2026-09-30,NYSE,Gold Fields Limited American Depositary Shares,GFI,41502.3,36.119998931884766,-22.1,7.53,-20.44,-13.92
2026-09-30,NASDAQ,Old Dominion Freight Line Inc. Common Stock,ODFL,41463.0,173.83999633789062,-13.06,-19.74,-11.03,23.48
2026-09-30,NYSE,Honda Motor Company Ltd. Common Stock,HMC,41469.0,31.600000381469727,-1.13,16.56,29.99,2.6
2026-09-30,NYSE,MSCI Inc. Common Stock,MSCI,41485.5,538.6599731445312,-5.6,-3.82,-0.06,-5.07
2026-09-30,NASDAQ,Take-Two Interactive Software Inc. Common Stock,TTWO,41079.6,207.5,-5.55,-16.99,5.06,-19.69
2026-09-30,NYSE,Fomento Economico Mexicano S.A.B. de C.V. Common Stock,FMX,41021.5,118.55999755859375,-1.54,-7.3,6.75,20.21
2026-09-30,NASDAQ,BeOne Medicines Ltd. American Depositary Shares,ONC,40884.9,365.94000244140625,1.77,28.41,23.22,7.41
2026-09-30,NYSE,Waters Corporation Common Stock,WAT,40736.6,439.3900146484375,5.97,17.16,47.55,46.56
2026-09-30,NYSE,Prudential Financial Inc. Common Stock,PRU,40572.0,113.58000183105469,-3.42,5.23,16.27,9.49
2026-09-30,NASDAQ,Flex Ltd. Ordinary Shares,FLEX,40357.3,109.98999786376953,0.68,-32.13,68.03,89.74
2026-09-30,NYSE,D.R. Horton Inc. Common Stock,DHI,40433.6,136.64999389648438,-5.47,-16.1,-0.42,-19.37
2026-09-30,NASDAQ,Microchip Technology Incorporated Common Stock,MCHP,39884.0,77.7699966430664,5.88,-14.73,20.37,21.1
2026-09-30,NYSE,American International Group Inc. New Common Stock,AIG,39928.1,74.41999816894531,-2.54,-0.15,-1.1,-5.25
2026-09-30,NYSE,Consolidated Edison Inc. Common Stock,ED,39579.1,102.20999908447266,-4.49,-7.61,-9.69,1.68
2026-09-30,NYSE,Archer-Daniels-Midland Company Common Stock,ADM,39178.5,79.37999725341797,-2.35,3.9,9.2,32.88
2026-09-30,NYSE,Sysco Corporation Common Stock,SYY,38845.1,77.95999908447266,-3.85,-6.72,9.29,-5.32
2026-09-30,NYSE,Viking Holdings Ltd Ordinary Shares,VIK,38400.0,78.33000183105469,-9.07,-25.16,6.6,26.01
2026-09-30,NASDAQ,Vodafone Group Plc American Depositary Shares,VOD,38109.4,16.149999618530273,0.69,22.07,7.52,39.22
2026-09-30,NASDAQ,Rocket Lab Corporation Common Stock,RKLB,38253.5,69.68000030517578,9.01,-31.45,8.5,45.44
2026-09-30,NASDAQ,BrightSpring Health Services Inc. Tangible Equity Unit,BTSGU,38108.7,188.47000122070312,-2.14,-17.68,32.69,86.44
2026-09-30,NYSE,Rocket Companies Inc. Class A Common Stock,RKT,37972.3,11.510000228881836,-14.17,-26.92,-19.23,-40.61
2026-09-30,NASDAQ,JD.com Inc. American Depositary Shares,JD,37954.6,26.600000381469727,-5.81,4.4,-10.04,-23.96
2026-09-30,NYSE,Shinhan Financial Group Co Ltd American Depositary Shares,SHG,37578.4,77.66999816894531,-1.89,22.8,26.66,54.2
2026-09-30,NASDAQ,Strategy Inc Variable Rate Series A Perpetual Stretch Preferred Stock,STRC,37308.3,99.3499984741211,2.32,17.08,-0.67,2.36
2026-09-30,NYSE,The Hartford Insurance Group Inc. Common Stock,HIG,37212.4,122.36000061035156,-10.93,-7.67,-9.52,-8.27
2026-09-30,NYSE,Banco Bradesco Sa American Depositary Shares,BBD,36687.4,3.5199999809265137,7.32,1.44,-3.56,4.14
2026-09-30,NYSE,Estee Lauder Companies Inc. (The) Common Stock,EL,37012.0,92.7699966430664,-9.32,17.5,29.26,5.28
2026-09-30,NYSE,Kinross Gold Corporation Common Stock,KGC,36635.0,24.079999923706055,-21.51,1.95,-21.1,-3.1
2026-09-30,NYSE,Venture Global Inc. Class A common stock,VG,36601.4,12.640000343322754,-13.66,13.57,-19.8,-10.92
2026-09-30,NASDAQ,MongoDB Inc. Class A Common Stock,MDB,36465.4,348.6099853515625,-23.11,3.78,42.42,12.32
2026-09-30,NYSE,Public Service Enterprise Group Incorporated Common Stock,PEG,36549.1,67.33999633789062,-8.17,-17.03,-16.81,-19.31
2026-09-30,NYSE,Nutrien Ltd. Common Shares,NTR,36402.6,70.25,-6.99,11.6,-6.9,19.66
2026-09-30,NASDAQ,NetApp Inc. Common Stock,NTAP,36360.2,210.0800018310547,13.38,35.75,105.18,77.34
2026-09-30,NASDAQ,Expedia Group Inc. Common Stock,EXPE,36308.9,263.3599853515625,-16.95,2.92,14.06,23.21
2026-09-30,NYSE,Kenvue Inc. Common Stock,KVUE,36264.2,17.65999984741211,-6.46,-7.59,2.44,8.81
2026-09-30,NYSE,Twilio Inc. Class A Common Stock,TWLO,36186.9,292.4599914550781,24.12,41.74,132.44,192.2
2026-09-30,NYSE,Ubiquiti Inc. Common Stock,UI,35713.0,567.530029296875,-3.81,6.27,-28.19,-14.09
2026-09-30,NASDAQ,Kimberly-Clark Corporation Common Stock,KMB,35901.9,97.43000030517578,-9.75,-11.24,1.0,-21.64
2026-09-30,NYSE,Alcon Inc. Ordinary Shares,ALC,36008.4,64.75,-10.14,-3.5,-14.07,-13.1
2026-09-30,NASDAQ,Royalty Pharma plc Class A Ordinary Shares,RPRX,35310.8,58.36000061035156,-4.97,4.08,21.66,65.42
2026-09-30,NYSE,Pacific Gas & Electric Co. Common Stock,PCG,35565.1,12.25,-7.69,-27.17,-30.28,-18.77
2026-09-30,NYSE,Restaurant Brands International Inc. Common Shares,QSR,35397.2,71.08000183105469,-8.73,-1.97,-3.82,10.82
2026-09-30,NYSE,Kroger Company (The) Common Stock,KR,35251.7,58.619998931884766,1.88,5.56,-18.99,-13.04
2026-09-30,NYSE,Prudential Public Limited Company Common Stock,PUK,34840.7,24.739999771118164,-9.28,-7.72,-12.98,-11.61
2026-09-30,NASDAQ,United Airlines Holdings Inc. Common Stock,UAL,35051.8,110.94999694824219,2.74,-18.41,20.51,14.97
2026-09-30,NYSE,Vulcan Materials Company (Holding Company) Common Stock,VMC,34931.8,244.6300048828125,-9.26,-17.08,-10.16,-20.48
2026-09-30,NYSE,PPL Corporation Corporate Units,PPLC,34737.5,45.0099983215332,-2.49,-8.27,-12.24,0.0
2026-09-30,NYSE,The Hershey Company Common Stock,HSY,35405.1,157.61000061035156,-10.56,-10.17,-24.19,-15.74
2026-09-30,NYSE,ResMed Inc. Common Stock,RMD,34635.0,221.10000610351562,-7.91,13.45,-1.51,-19.23
2026-09-30,NYSE,Credicorp Ltd. Common Stock,BAP,34579.8,379.8699951171875,3.68,-2.49,12.0,42.66
2026-09-30,NYSE,WEC Energy Group Inc. Common Stock,WEC,34595.4,100.77999877929688,-5.08,-13.69,-12.95,-12.05
2026-09-30,NYSE,TKO Group Holdings Inc. Class A Common Stock,TKO,34562.5,179.72000122070312,-1.58,-10.72,-10.88,-11.01
2026-09-30,NYSE,Celestica Inc. Common Stock,CLS,34422.9,361.42999267578125,20.72,-0.92,28.31,46.7
2026-09-30,NYSE,Iron Mountain Incorporated (Delaware)Common Stock REIT,IRM,34340.0,110.94999694824219,-3.81,-12.16,8.63,8.84
2026-09-30,NASDAQ,DexCom Inc. Common Stock,DXCM,34362.5,86.29000091552734,-5.24,28.12,37.4,28.24
2026-09-30,NYSE,Ecopetrol S.A. American Depositary Shares,EC,34270.8,16.479999542236328,-1.14,15.73,9.94,78.94
2026-09-30,NYSE,Raymond James Financial Inc. Common Stock,RJF,34273.1,158.02000427246094,-11.31,3.94,9.14,-8.45
2026-09-30,NYSE,Cheniere Energy Partners LP Common Units,CQP,34024.4,60.86000061035156,-13.42,-0.15,-5.83,13.08
2026-09-30,NYSE,M&T Bank Corporation Common Stock,MTB,33784.7,217.60000610351562,-6.98,-8.58,5.26,10.11
2026-09-30,NASDAQ,Northern Trust Corporation Common Stock,NTRS,33949.3,169.36000061035156,-8.73,-2.58,21.34,25.82
2026-09-30,NASDAQ,Ericsson American Depositary Shares,ERIC,34016.9,9.149999618530273,-9.32,-17.94,-18.81,10.64
2026-09-30,NYSE,Chunghwa Telecom Co. Ltd.,CHT,33519.9,45.47999954223633,5.25,2.76,7.67,4.26
2026-09-30,NYSE,EQT Corporation Common Stock,EQT,33890.5,48.560001373291016,-10.37,-8.67,-23.7,-10.78
2026-09-30,NASDAQ,Arch Capital Group Ltd. Common Stock,ACGL,33464.3,92.36000061035156,-5.82,-4.84,-3.78,1.8
2026-09-30,NASDAQ,Steel Dynamics Inc.,STLD,33341.0,221.61000061035156,-4.73,-3.42,23.12,58.94
2026-09-30,NYSE,Teck Resources Ltd Ordinary Shares,TECK,33347.7,65.79000091552734,-3.42,10.65,27.13,49.9
2026-09-30,NYSE,Carnival Corporation Ltd. Common Shares,CCL,32720.9,24.540000915527344,2.72,-14.11,-5.18,-15.12
2026-09-30,NASDAQ,Baidu Inc. ADS,BIDU,32419.3,86.87000274658203,-8.83,-23.99,-22.03,-34.07
2026-09-30,NASDAQ,Elbit Systems Ltd. Ordinary Shares,ESLT,32580.0,682.010009765625,-2.64,-10.11,-19.68,33.78
2026-09-30,NYSE,EMCOR Group Inc. Common Stock,EME,32400.5,754.489990234375,2.72,-9.08,2.19,16.16
2026-09-30,NYSE,Crown Castle Inc. Common Stock,CCI,32394.2,66.6500015258789,-12.46,-11.99,-18.03,-30.93
2026-09-30,NASDAQ,Illumina Inc. Common Stock,ILMN,32258.1,273.67999267578125,28.11,55.65,122.03,188.18
2026-09-30,NASDAQ,Alnylam Pharmaceuticals Inc. Common Stock,ALNY,32206.5,246.74000549316406,2.51,-18.03,-25.43,-45.89
2026-09-30,NASDAQ,Biogen Inc. Common Stock,BIIB,32010.9,225.8800048828125,4.26,4.55,23.21,61.25
2026-09-30,NASDAQ,GE HealthCare Technologies Inc. Common Stock,GEHC,32173.6,65.37000274658203,-8.23,2.12,-8.16,-12.96
2026-09-30,NYSE,Jabil Inc. Common Stock,JBL,31987.3,286.8599853515625,-6.03,-25.58,7.99,32.09
2026-09-30,NYSE,Zoetis Inc. Class A Common Stock,ZTS,31859.5,69.83000183105469,-9.43,-2.82,-40.93,-52.28
2026-09-30,NYSE,Centene Corporation Common Stock,CNC,31783.6,62.119998931884766,-3.45,-3.22,89.74,74.1
2026-09-30,NYSE,Martin Marietta Materials Inc. Common Stock,MLM,31156.2,479.80999755859375,-7.5,-16.8,-18.49,-23.87
2026-09-30,NASDAQ,Willis Towers Watson Public Limited Company Ordinary Shares,WTW,31441.8,288.2300109863281,-14.86,10.28,-0.85,-16.56
2026-09-30,NYSE,Everpure Inc. Class A common stock,P,30897.0,130.77999877929688,40.7,65.99,121.51,56.04
2026-09-30,NYSE,TechnipFMC plc Ordinary Share,FTI,30647.6,67.91999816894531,-13.09,2.44,-1.75,72.17
2026-09-30,NYSE,Halliburton Company Common Stock,HAL,30700.9,31.799999237060547,-13.7,-6.33,-18.44,29.27
2026-09-30,NASDAQ,Copart Inc. (DE) Common Stock,CPRT,30542.5,27.280000686645508,-17.31,-3.23,-17.83,-39.34
2026-09-30,NASDAQ,Zscaler Inc. Common Stock,ZS,30463.6,199.4199981689453,5.86,41.28,42.15,-33.45
2026-09-30,NASDAQ,The Kraft Heinz Company Common Stock,KHC,30440.1,22.719999313354492,-11.49,-3.81,1.02,-12.75
2026-09-30,NASDAQ,Okta Inc. Class A Common Stock,OKTA,30251.0,209.11000061035156,20.84,53.25,165.67,128.04
2026-09-30,NYSE,Ingersoll Rand Inc. Common Stock,IR,29895.4,75.11000061035156,-2.52,-8.39,-6.25,-9.09
2026-09-30,NYSE,Extra Space Storage Inc Common Stock,EXR,29810.1,131.50999450683594,-6.8,-9.49,0.29,-6.69
2026-09-30,NYSE,Sunbelt Rentals Holdings Inc. Common Stock,SUNB,29617.5,73.20999908447266,1.29,-2.14,12.48,0.0
2026-09-30,NYSE,Tenaris S.A. American Depositary Shares,TS,29580.4,55.18000030517578,-1.24,-0.56,-5.16,54.26
2026-09-30,NYSE,Roblox Corporation Class A Common Stock,RBLX,29496.6,42.369998931884766,2.62,-22.09,-25.09,-69.41
2026-09-30,NYSE,Nomura Holdings Inc ADR American Depositary Shares,NMR,29535.6,9.779999732971191,-3.93,11.39,23.95,34.53
2026-09-30,NYSE,Ameren Corporation Common Stock,AEE,29348.2,99.37999725341797,-6.25,-12.08,-9.59,-4.79
2026-09-30,NASDAQ,Ryanair Holdings plc American Depositary Shares,RYAAY,29137.6,55.0099983215332,-0.65,-15.04,-4.83,-8.65
2026-09-30,NASDAQ,LPL Financial Holdings Inc. Common Stock,LPLA,29145.3,305.79998779296875,-17.38,8.56,1.65,-8.08
2026-09-30,NASDAQ,Cognizant Technology Solutions Corporation Class A Common Stock,CTSH,29089.7,57.439998626708984,-11.06,48.31,-6.37,-14.36
2026-09-30,NYSE,Citizens Financial Group Inc. Common Stock,CFG,29006.4,63.7599983215332,-7.42,-9.01,6.32,19.94
2026-09-30,NYSE,Coupang Inc. Class A Common Stock,CPNG,28868.0,13.869999885559082,-13.64,-20.15,-26.54,-56.93
2026-09-30,NASDAQ,ON Semiconductor Corporation Common Stock,ON,28844.6,76.87000274658203,3.75,-18.69,24.14,55.89
2026-09-30,NYSE,Synchrony Financial Common Stock,SYF,28678.2,70.97000122070312,-7.93,-6.68,4.34,-0.11
2026-09-30,NYSE,Reddit Inc. Class A Common Stock,RDDT,28438.1,142.44000244140625,-3.63,-17.94,5.79,-38.07
2026-09-30,NYSE,Teledyne Technologies Incorporated Common Stock,TDY,28413.7,606.8099975585938,-1.0,-9.01,0.3,3.54
2026-09-30,NASDAQ,Bending Spoons S.p.A. Ordinary Shares,BSP,28460.3,33.31999969482422,-19.42,0.0,0.0,0.0
2026-09-30,NYSE,Las Vegas Sands Corp. Common Stock,LVS,28375.8,37.810001373291016,-13.7,-18.14,-29.83,-29.71
2026-09-30,NASDAQ,Fiserv Inc. Common Stock,FISV,28348.5,45.18000030517578,-15.25,-7.89,-19.03,-64.96
2026-09-30,NYSE,Pembina Pipeline Corp. Ordinary Shares (Canada),PBA,28321.7,44.58000183105469,-8.46,-3.61,-0.4,10.18
2026-09-30,NASDAQ,Fox Corporation Class A Common Stock,FOXA,28263.4,62.650001525878906,-6.98,20.11,7.28,-0.65
2026-09-30,NYSE,VICI Properties Inc. Common Stock,VICI,28242.6,22.969999313354492,-10.45,-13.48,-15.92,-29.56
2026-09-30,NASDAQ,Zoom Communications Inc. Class A Common Stock,ZM,28209.6,90.7699966430664,-6.11,5.17,12.91,10.02
2026-09-30,NYSE,DTE Energy Company Common Stock,DTE,28223.0,121.80000305175781,-10.2,-20.06,-16.7,-13.88
2026-09-30,NYSE,Fortis Inc. Common Shares,FTS,28191.5,52.81999969482422,-4.28,-7.71,-5.32,4.1
2026-09-30,NYSE,Mettler-Toledo International Inc. Common Stock,MTD,28154.2,1510.949951171875,7.53,18.27,19.8,23.08
2026-09-30,NYSE,Dollar General Corporation Common Stock,DG,27963.2,119.58000183105469,-5.66,3.88,0.72,15.7
2026-09-30,NYSE,Atmos Energy Corporation Common Stock,ATO,28074.1,156.44000244140625,-5.83,-9.19,-15.31,-8.38
2026-09-30,NASDAQ,Trip.com Group Limited American Depositary Shares,TCOM,28116.3,39.099998474121094,-12.43,-1.86,-21.47,-48.01
2026-09-30,NYSE,ATI Inc. Common Stock,ATI,27806.0,189.39999389648438,-7.25,-3.91,30.21,132.85
2026-09-30,NASDAQ,Casey's General Stores Inc. Common Stock,CASY,27835.5,608.4600219726562,-19.11,-23.44,-16.4,7.63
