지수,연도,사이클4,사이클8,1월,2월,3월,4월,5월,6월,7월,8월,9월,10월,11월,12월
SP500,1970,2,2,-0.076,0.0529,0.0011,-0.0904,-0.0613,-0.0497,0.0729,0.0449,0.0331,-0.0119,0.0481,0.0573
SP500,1971,3,3,0.0401,0.0094,0.0362,0.0369,-0.0423,0.001,-0.0411,0.0356,-0.0071,-0.0417,-0.0021,0.0862
SP500,1972,4,4,0.0176,0.026,0.0056,0.0047,0.0167,-0.0219,0.0028,0.0345,-0.0054,0.01,0.0457,0.0111
SP500,1973,1,1,-0.0169,-0.0371,-0.0018,-0.0404,-0.0187,-0.0067,0.0374,-0.037,0.0403,-0.0009,-0.1136,0.0156
SP500,1974,2,2,-0.0092,-0.0041,-0.0229,-0.0394,-0.0332,-0.0149,-0.0779,-0.0895,-0.1205,0.1638,-0.0528,-0.02
SP500,1975,3,3,0.1224,0.0597,0.0221,0.0468,0.0447,0.0439,-0.0672,-0.0214,-0.0345,0.0608,0.0247,-0.011
SP500,1976,4,4,0.1186,-0.0119,0.0311,-0.0117,-0.0138,0.0409,-0.0086,-0.0048,0.0224,-0.0219,-0.0078,0.0529
SP500,1977,1,1,-0.0512,-0.0216,-0.014,0.0,-0.0234,0.0458,-0.0169,-0.0202,-0.0031,-0.0435,0.0271,0.0032
SP500,1978,2,2,-0.062,-0.0247,0.0253,0.0852,0.0041,-0.0175,0.0545,0.0258,-0.0077,-0.0907,0.0161,0.0148
SP500,1979,3,3,0.0395,-0.036,0.055,0.002,-0.0265,0.0383,0.0087,0.053,0.0,-0.0686,0.0432,0.016
SP500,1980,4,4,0.0584,-0.0044,-0.102,0.0411,0.0461,0.027,0.0657,0.0058,0.0253,0.0159,0.102,-0.0335
SP500,1981,1,1,-0.0457,0.0133,0.036,-0.0235,-0.0017,-0.0104,-0.0022,-0.0621,-0.0538,0.0491,0.0366,-0.0301
SP500,1982,2,2,-0.0175,-0.0605,-0.0102,0.04,-0.0392,-0.0203,-0.023,0.116,0.0076,0.1104,0.036,0.0152
SP500,1983,3,3,0.0331,0.019,0.0331,0.075,-0.0124,0.0323,-0.0303,0.0113,0.0102,-0.0152,0.0174,-0.0088
SP500,1984,4,4,-0.0092,-0.0389,0.0135,0.0055,-0.0594,0.0175,-0.0165,0.1063,-0.0035,-0.0001,-0.0151,0.0224
SP500,1985,1,5,0.0741,0.0086,-0.0029,-0.0046,0.0541,0.0121,-0.0048,-0.012,-0.0347,0.0425,0.0651,0.0451
SP500,1986,2,6,0.0024,0.0715,0.0528,-0.0141,0.0502,0.0141,-0.0587,0.0712,-0.0854,0.0547,0.0215,-0.0283
SP500,1987,3,7,0.1318,0.0369,0.0264,-0.0115,0.006,0.0479,0.0482,0.035,-0.0242,-0.2176,-0.0853,0.0729
SP500,1988,4,8,0.0404,0.0418,-0.0333,0.0094,0.0032,0.0433,-0.0054,-0.0386,0.0397,0.026,-0.0189,0.0147
SP500,1989,1,1,0.0711,-0.0289,0.0208,0.0501,0.0351,-0.0079,0.0884,0.0155,-0.0065,-0.0252,0.0165,0.0214
SP500,1990,2,2,-0.0688,0.0085,0.0243,-0.0269,0.092,-0.0089,-0.0052,-0.0943,-0.0512,-0.0067,0.0599,0.0248
SP500,1991,3,3,0.0415,0.0673,0.0222,0.0003,0.0386,-0.0479,0.0449,0.0196,-0.0191,0.0118,-0.0439,0.1116
SP500,1992,4,4,-0.0199,0.0096,-0.0218,0.0279,0.001,-0.0174,0.0394,-0.024,0.0091,0.0021,0.0303,0.0101
SP500,1993,1,1,0.007,0.0105,0.0187,-0.0254,0.0227,0.0008,-0.0053,0.0344,-0.01,0.0194,-0.0129,0.0101
SP500,1994,2,2,0.0325,-0.03,-0.0457,0.0115,0.0124,-0.0268,0.0315,0.0376,-0.0269,0.0208,-0.0395,0.0123
SP500,1995,3,3,0.0243,0.0361,0.0273,0.028,0.0363,0.0213,0.0318,-0.0003,0.0401,-0.005,0.041,0.0174
SP500,1996,4,4,0.0326,0.0069,0.0079,0.0134,0.0229,0.0023,-0.0457,0.0188,0.0542,0.0261,0.0734,-0.0215
SP500,1997,1,5,0.0613,0.0059,-0.0426,0.0584,0.0586,0.0435,0.0781,-0.0575,0.0532,-0.0345,0.0446,0.0157
SP500,1998,2,6,0.0102,0.0704,0.0499,0.0091,-0.0188,0.0394,-0.0116,-0.1458,0.0624,0.0803,0.0591,0.0564
SP500,1999,3,7,0.041,-0.0323,0.0388,0.0379,-0.025,0.0544,-0.032,-0.0063,-0.0286,0.0625,0.0191,0.0578
SP500,2000,4,8,-0.0509,-0.0201,0.0967,-0.0308,-0.0219,0.0239,-0.0163,0.0607,-0.0535,-0.0049,-0.0801,0.0041
SP500,2001,1,1,0.0346,-0.0923,-0.0642,0.0768,0.0051,-0.025,-0.0107,-0.0641,-0.0817,0.0181,0.0752,0.0076
SP500,2002,2,2,-0.0156,-0.0208,0.0367,-0.0614,-0.0091,-0.0725,-0.079,0.0049,-0.11,0.0864,0.0571,-0.0603
SP500,2003,3,3,-0.0274,-0.017,0.0084,0.081,0.0509,0.0113,0.0193,0.0148,-0.0119,0.055,0.0071,0.0508
SP500,2004,4,4,0.0173,0.0122,-0.0164,-0.0168,0.0121,0.018,-0.0343,0.0023,0.0094,0.014,0.0386,0.0325
SP500,2005,1,5,-0.0253,0.0189,-0.0191,-0.0201,0.03,-0.0001,0.036,-0.0112,0.0069,-0.0177,0.0352,-0.001
SP500,2006,2,6,0.0255,0.0005,0.0111,0.0122,-0.0309,0.0001,0.0051,0.0213,0.0246,0.0315,0.0165,0.0126
SP500,2007,3,7,0.0141,-0.0218,0.01,0.0433,0.0325,-0.0178,-0.032,0.0129,0.0358,0.0148,-0.044,-0.0086
SP500,2008,4,8,-0.0612,-0.0348,-0.006,0.0475,0.0107,-0.086,-0.0099,0.0122,-0.0908,-0.1694,-0.0748,0.0078
SP500,2009,1,1,-0.0857,-0.1099,0.0854,0.0939,0.0531,0.0002,0.0741,0.0336,0.0357,-0.0198,0.0574,0.0178
SP500,2010,2,2,-0.037,0.0285,0.0588,0.0148,-0.082,-0.0539,0.0688,-0.0474,0.0876,0.0369,-0.0023,0.0653
SP500,2011,3,3,0.0226,0.032,-0.001,0.0285,-0.0135,-0.0183,-0.0215,-0.0568,-0.0718,0.1077,-0.0051,0.0085
SP500,2012,4,4,0.0436,0.0406,0.0313,-0.0075,-0.0627,0.0396,0.0126,0.0198,0.0242,-0.0198,0.0028,0.0071
SP500,2013,1,5,0.0504,0.0111,0.036,0.0181,0.0208,-0.015,0.0495,-0.0313,0.0297,0.0446,0.028,0.0236
SP500,2014,2,6,-0.0356,0.0431,0.0069,0.0062,0.021,0.0191,-0.0151,0.0377,-0.0155,0.0232,0.0245,-0.0042
SP500,2015,3,7,-0.031,0.0549,-0.0174,0.0085,0.0105,-0.021,0.0197,-0.0626,-0.0264,0.083,0.0005,-0.0175
SP500,2016,4,8,-0.0507,-0.0041,0.066,0.0027,0.0153,0.0009,0.0356,-0.0012,-0.0012,-0.0194,0.0342,0.0182
SP500,2017,1,1,0.0179,0.0372,-0.0004,0.0091,0.0116,0.0048,0.0193,0.0005,0.0193,0.0222,0.0281,0.0098
SP500,2018,2,2,0.0562,-0.0389,-0.0269,0.0027,0.0216,0.0048,0.036,0.0303,0.0043,-0.0694,0.0179,-0.0918
SP500,2019,3,3,0.0787,0.0297,0.0179,0.0393,-0.0658,0.0689,0.0131,-0.0181,0.0172,0.0204,0.034,0.0286
SP500,2020,4,4,-0.0016,-0.0841,-0.1251,0.1268,0.0453,0.0184,0.0551,0.0701,-0.0392,-0.0277,0.1075,0.0371
SP500,2021,1,1,-0.0111,0.0261,0.0424,0.0524,0.0055,0.0222,0.0227,0.029,-0.0476,0.0691,-0.0083,0.0436
SP500,2022,2,2,-0.0526,-0.0314,0.0358,-0.088,0.0001,-0.0839,0.0911,-0.0424,-0.0934,0.0799,0.0538,-0.059
SP500,2023,3,3,0.0618,-0.0261,0.0351,0.0146,0.0025,0.0647,0.0311,-0.0177,-0.0487,-0.022,0.0892,0.0442
SP500,2024,4,4,0.0159,0.0517,0.031,-0.0416,0.048,0.0347,0.0113,0.0228,0.0202,-0.0099,0.0573,-0.025
SP500,2025,1,5,0.027,-0.0142,-0.0575,-0.0076,0.0615,0.0496,0.0217,0.0191,0.0353,0.0227,0.0013,-0.0005
SP500,2026,2,6,0.0137,-0.0087,-0.0509,0.1042,0.0515,-0.0106,-0.0013,0.0262,,,,
NASDAQ,1981,1,1,-0.0224,0.001,0.0615,0.0312,0.0311,-0.0345,-0.0191,-0.075,-0.0803,0.0845,0.0314,-0.0275
NASDAQ,1982,2,2,-0.038,-0.0476,-0.0211,0.0515,-0.0334,-0.0406,-0.0231,0.0619,0.0559,0.1331,0.0926,0.0004
NASDAQ,1983,3,3,0.0686,0.0496,0.0389,0.0822,0.0535,0.0323,-0.0463,-0.038,0.0145,-0.0745,0.0405,-0.0247
NASDAQ,1984,4,4,-0.0365,-0.0591,-0.0071,-0.0133,-0.0591,0.0293,-0.0415,0.1086,-0.0185,-0.0116,-0.0182,0.0199
NASDAQ,1985,1,5,0.1267,0.0196,-0.0175,0.0049,0.0365,0.0186,0.0172,-0.0119,-0.0584,0.0436,0.0732,0.035
NASDAQ,1986,2,6,0.0334,0.0708,0.0422,0.0227,0.0441,0.0134,-0.0842,0.0309,-0.0841,0.0288,-0.0033,-0.0299
NASDAQ,1987,3,7,0.1239,0.0839,0.012,-0.0285,-0.003,0.0195,0.0242,0.0461,-0.0235,-0.2723,-0.0561,0.0829
NASDAQ,1988,4,8,0.0429,0.0647,0.021,0.0123,-0.0234,0.0657,-0.0186,-0.0278,0.0296,-0.0135,-0.0288,0.0267
NASDAQ,1989,1,1,0.0522,-0.004,0.0176,0.0512,0.0436,-0.0244,0.0426,0.0341,0.0076,-0.0366,0.001,-0.0028
NASDAQ,1990,2,2,-0.0858,0.0241,0.0228,-0.0355,0.0926,0.0072,-0.052,-0.1301,-0.0963,-0.0426,0.0886,0.0412
NASDAQ,1991,3,3,0.108,0.0938,0.0646,0.005,0.0441,-0.0597,0.0549,0.0471,0.0023,0.0306,-0.0351,0.1192
NASDAQ,1992,4,4,0.0578,0.0214,-0.0469,-0.0416,0.0115,-0.0371,0.0306,-0.0305,0.0358,0.0375,0.0786,0.0371
NASDAQ,1993,1,1,0.0286,-0.0367,0.0289,-0.0416,0.0591,0.0049,0.0011,0.0541,0.0268,0.0216,-0.0319,0.0297
NASDAQ,1994,2,2,0.0305,-0.01,-0.0619,-0.0129,0.0018,-0.0398,0.0229,0.0602,-0.0017,0.0173,-0.0349,0.0022
NASDAQ,1995,3,3,0.0043,0.051,0.0296,0.0328,0.0244,0.0797,0.0726,0.0189,0.023,-0.0072,0.0223,-0.0067
NASDAQ,1996,4,4,0.0073,0.038,0.0012,0.0809,0.0444,-0.047,-0.0881,0.0564,0.0748,-0.0044,0.0582,-0.0012
NASDAQ,1997,1,5,0.0688,-0.0513,-0.0667,0.032,0.1107,0.0298,0.1052,-0.0041,0.062,-0.0546,0.0044,-0.0189
NASDAQ,1998,2,6,0.0312,0.0933,0.0368,0.0178,-0.0479,0.0651,-0.0118,-0.1993,0.1298,0.0458,0.1006,0.1247
NASDAQ,1999,3,7,0.1428,-0.0869,0.0758,0.0331,-0.0284,0.0873,-0.0177,0.0382,0.0025,0.0802,0.1246,0.2198
NASDAQ,2000,4,8,-0.0317,0.1919,-0.0264,-0.1557,-0.1191,0.1662,-0.0502,0.1166,-0.1268,-0.0825,-0.229,-0.049
NASDAQ,2001,1,1,0.1223,-0.2239,-0.1448,0.15,-0.0027,0.024,-0.0621,-0.1094,-0.1698,0.1277,0.1422,0.0103
NASDAQ,2002,2,2,-0.0084,-0.1047,0.0658,-0.0851,-0.0429,-0.0944,-0.0922,-0.0101,-0.1086,0.1345,0.1121,-0.0969
NASDAQ,2003,3,3,-0.0109,0.0126,0.0027,0.0918,0.0899,0.0168,0.0692,0.0435,-0.013,0.0813,0.0145,0.022
NASDAQ,2004,4,4,0.0313,-0.0176,-0.0175,-0.0371,0.0347,0.0307,-0.0783,-0.0261,0.032,0.0412,0.0617,0.0375
NASDAQ,2005,1,5,-0.052,-0.0052,-0.0256,-0.0388,0.0763,-0.0054,0.0622,-0.015,-0.0002,-0.0146,0.0531,-0.0123
NASDAQ,2006,2,6,0.0456,-0.0106,0.0256,-0.0074,-0.0619,-0.0031,-0.0371,0.0441,0.0342,0.0479,0.0275,-0.0068
NASDAQ,2007,3,7,0.0201,-0.0194,0.0023,0.0427,0.0315,-0.0005,-0.0221,0.02,0.0405,0.0583,-0.0693,-0.0033
NASDAQ,2008,4,8,-0.0989,-0.0495,0.0034,0.0587,0.0455,-0.091,0.0142,0.018,-0.1164,-0.1773,-0.1077,0.027
NASDAQ,2009,1,1,-0.0638,-0.0668,0.1094,0.1235,0.0332,0.0342,0.0782,0.0154,0.0564,-0.0364,0.0486,0.0581
NASDAQ,2010,2,2,-0.0537,0.0423,0.0714,0.0264,-0.0829,-0.0655,0.069,-0.0624,0.1204,0.0586,-0.0037,0.0619
NASDAQ,2011,3,3,0.0178,0.0304,-0.0004,0.0332,-0.0133,-0.0218,-0.0062,-0.0642,-0.0636,0.1114,-0.0239,-0.0058
NASDAQ,2012,4,4,0.0801,0.0544,0.042,-0.0146,-0.0719,0.0381,0.0015,0.0434,0.0161,-0.0446,0.0111,0.0031
NASDAQ,2013,1,5,0.0406,0.0057,0.034,0.0188,0.0382,-0.0152,0.0656,-0.0101,0.0506,0.0393,0.0358,0.0287
NASDAQ,2014,2,6,-0.0174,0.0498,-0.0253,-0.0201,0.0311,0.039,-0.0087,0.0482,-0.019,0.0306,0.0347,-0.0116
NASDAQ,2015,3,7,-0.0213,0.0708,-0.0126,0.0083,0.026,-0.0164,0.0284,-0.0686,-0.0327,0.0938,0.0109,-0.0198
NASDAQ,2016,4,8,-0.0786,-0.0121,0.0684,-0.0194,0.0362,-0.0213,0.066,0.0099,0.0189,-0.0231,0.0259,0.0112
NASDAQ,2017,1,1,0.043,0.0375,0.0148,0.023,0.025,-0.0094,0.0338,0.0127,0.0105,0.0357,0.0217,0.0043
NASDAQ,2018,2,2,0.0736,-0.0187,-0.0288,0.0004,0.0532,0.0092,0.0215,0.0571,-0.0078,-0.092,0.0034,-0.0948
NASDAQ,2019,3,3,0.0974,0.0344,0.0261,0.0474,-0.0793,0.0742,0.0211,-0.026,0.0046,0.0366,0.045,0.0354
NASDAQ,2020,4,4,0.0199,-0.0638,-0.1012,0.1545,0.0675,0.0599,0.0683,0.0959,-0.0516,-0.0229,0.118,0.0565
NASDAQ,2021,1,1,0.0142,0.0093,0.0041,0.054,-0.0153,0.0549,0.0116,0.04,-0.0531,0.0727,0.0025,0.0069
NASDAQ,2022,2,2,-0.0898,-0.0343,0.0341,-0.1326,-0.0205,-0.0871,0.1235,-0.0464,-0.105,0.039,0.0437,-0.0873
NASDAQ,2023,3,3,0.1068,-0.0111,0.0669,0.0004,0.058,0.0659,0.0405,-0.0217,-0.0581,-0.0278,0.107,0.0552
NASDAQ,2024,4,4,0.0102,0.0612,0.0179,-0.0441,0.0688,0.0596,-0.0075,0.0065,0.0268,-0.0052,0.0621,0.0048
NASDAQ,2025,1,5,0.0164,-0.0397,-0.0821,0.0085,0.0956,0.0657,0.037,0.0158,0.0561,0.047,-0.0151,-0.0053
NASDAQ,2026,2,6,0.0095,-0.0338,-0.0475,0.1529,0.0836,-0.0281,-0.032,0.0393,,,,
KOSPI,1981,1,1,,,,,0.0319,0.194,-0.0179,-0.054,-0.0557,-0.0703,0.0764,-0.0083
KOSPI,1982,2,2,-0.043,0.0249,-0.0074,-0.0503,-0.0563,0.0792,0.0116,-0.0251,-0.0183,0.0184,0.0144,0.0431
KOSPI,1983,3,3,-0.0831,0.0442,-0.03,0.0972,-0.0432,-0.0264,0.0212,-0.0497,-0.0093,0.0315,-0.0312,0.0304
KOSPI,1984,4,4,0.0237,0.045,0.0285,0.0169,-0.0378,-0.0015,0.0327,0.0117,-0.0145,-0.0322,0.0441,0.0511
KOSPI,1985,1,5,-0.025,-0.0286,0.0113,-0.0169,-0.0004,0.0186,0.0059,-0.0065,0.0177,0.0143,0.0658,0.088
KOSPI,1986,2,6,-0.0181,0.0966,0.1356,0.0158,0.1387,0.0532,0.1249,-0.0333,-0.0423,-0.05,0.1171,0.0135
KOSPI,1987,3,7,0.138,0.0798,0.2094,-0.1148,0.0819,0.0613,0.179,-0.0236,0.0239,0.0488,-0.0657,0.1041
KOSPI,1988,4,8,0.2066,-0.0335,0.0721,-0.0142,0.1084,-0.0202,0.026,-0.0786,0.0197,0.0771,0.1388,0.0915
KOSPI,1989,1,1,-0.0253,0.038,0.093,-0.0626,-0.0083,-0.0838,0.048,0.0889,-0.0337,-0.0513,0.0138,0.0037
KOSPI,1990,2,2,-0.0149,-0.0386,-0.024,-0.181,0.1587,-0.1142,-0.0402,-0.1054,-0.0066,0.1448,0.01,-0.0013
KOSPI,1991,3,3,-0.0872,0.0632,-0.0233,-0.0216,-0.0531,-0.0099,0.1846,-0.0473,0.0322,-0.013,-0.063,-0.0632
KOSPI,1992,4,4,0.1139,-0.0999,-0.0101,0.0159,-0.0678,-0.0386,-0.0762,0.1036,-0.087,0.198,0.0776,0.0227
KOSPI,1993,1,1,-0.0116,-0.0412,0.037,0.0822,0.0426,-0.0046,-0.0253,-0.0891,0.0812,0.0443,0.0804,0.068
KOSPI,1994,2,2,0.0918,-0.0284,-0.0562,0.0479,0.0339,-0.0065,-0.0058,0.0175,0.1126,0.0525,-0.0282,-0.0438
KOSPI,1995,3,3,-0.0991,-0.0431,0.052,-0.0373,-0.0162,0.0135,0.0438,-0.0209,0.075,0.0077,-0.0599,-0.0515
KOSPI,1996,4,4,-0.0047,-0.0296,0.025,0.1221,-0.0793,-0.0949,0.0052,-0.0489,0.0105,-0.0406,-0.0411,-0.1036
KOSPI,1997,1,5,0.0532,-0.0136,0.0012,0.0382,0.0761,-0.015,-0.0259,-0.0423,-0.0694,-0.2725,-0.1337,-0.0774
KOSPI,1998,2,6,0.5077,-0.0148,-0.1394,-0.1244,-0.2117,-0.1029,0.1526,-0.0966,0.0005,0.3001,0.1201,0.2447
KOSPI,1999,3,7,0.0159,-0.0899,0.1902,0.2159,-0.022,0.1997,0.0982,-0.0328,-0.1084,-0.0032,0.1957,0.0315
KOSPI,2000,4,8,-0.0819,-0.1224,0.0393,-0.1574,0.0089,0.1221,-0.1403,-0.0246,-0.1095,-0.161,-0.0102,-0.0091
KOSPI,2001,1,1,0.2245,-0.0644,-0.0949,0.1035,0.0603,-0.0278,-0.09,0.0066,-0.12,0.1212,0.1972,0.0774
KOSPI,2002,2,2,0.0784,0.0961,0.0922,-0.0594,-0.0545,-0.0674,-0.0333,0.0256,-0.1222,0.0193,0.1,-0.1342
KOSPI,2003,3,3,-0.0569,-0.0278,-0.069,0.1188,0.0568,0.0576,0.0651,0.0644,-0.0816,0.1216,0.0177,0.0182
KOSPI,2004,4,4,0.0466,0.0412,-0.0033,-0.0201,-0.0684,-0.0225,-0.0642,0.0928,0.0392,-0.0003,0.0518,0.0203
KOSPI,2005,1,5,0.0411,0.0843,-0.0452,-0.0563,0.0646,0.0391,0.1023,-0.0252,0.1271,-0.0515,0.1203,0.0631
KOSPI,2006,2,6,0.0148,-0.0202,-0.0087,0.0442,-0.0719,-0.0171,0.0021,0.0423,0.0138,-0.005,0.0496,0.0016
KOSPI,2007,3,7,-0.0517,0.042,0.0248,0.0617,0.1029,0.0251,0.1088,-0.0311,0.0391,0.0608,-0.0769,-0.0047
KOSPI,2008,4,8,-0.1436,0.0535,-0.0045,0.0713,0.0145,-0.0956,-0.0479,-0.0755,-0.0178,-0.2313,-0.0332,0.045
KOSPI,2009,1,1,0.0335,-0.0853,0.1347,0.1352,0.0194,-0.0042,0.1203,0.0222,0.0511,-0.0553,-0.0159,0.0817
KOSPI,2010,2,2,-0.0477,-0.0049,0.0616,0.0288,-0.0576,0.0348,0.0359,-0.0094,0.0746,0.0054,0.0115,0.0768
KOSPI,2011,3,3,0.0091,-0.063,0.0863,0.0407,-0.0228,-0.0195,0.0155,-0.1186,-0.0588,0.0788,-0.0322,-0.0118
KOSPI,2012,4,4,0.0712,0.0381,-0.008,-0.0159,-0.0699,0.0057,0.0151,0.0123,0.0478,-0.0422,0.0109,0.0332
KOSPI,2013,1,5,-0.0176,0.0329,-0.0107,-0.0204,0.0189,-0.0688,0.0272,0.0064,0.0366,0.0166,0.0073,-0.0164
KOSPI,2014,2,6,-0.0349,0.02,0.0028,-0.012,0.0169,0.0036,0.0369,-0.0037,-0.0234,-0.0276,0.0083,-0.0329
KOSPI,2015,3,7,0.0176,0.0187,0.0278,0.0422,-0.0058,-0.0192,-0.0212,-0.0437,0.011,0.034,-0.0185,-0.0154
KOSPI,2016,4,8,-0.0251,0.0024,0.0413,-0.0009,-0.0054,-0.0066,0.0233,0.0092,0.0044,-0.0173,-0.0123,0.0217
KOSPI,2017,1,1,0.0203,0.0116,0.0328,0.0209,0.0644,0.0189,0.0046,-0.0164,0.0132,0.0539,-0.0186,-0.0036
KOSPI,2018,2,2,0.0401,-0.0542,0.0076,0.0284,-0.0367,-0.04,-0.0133,0.012,0.0087,-0.1337,0.0331,-0.0266
KOSPI,2019,3,3,0.0803,-0.0043,-0.0249,0.0294,-0.0734,0.0435,-0.0498,-0.028,0.0484,0.0099,0.0022,0.0525
KOSPI,2020,4,4,-0.0358,-0.0623,-0.1169,0.1099,0.0421,0.0388,0.0669,0.0341,0.0007,-0.0261,0.143,0.1089
KOSPI,2021,1,1,0.0358,0.0123,0.0161,0.0282,0.0178,0.029,-0.0286,-0.001,-0.0408,-0.032,-0.0443,0.0488
KOSPI,2022,2,2,-0.1056,0.0135,0.0217,-0.0227,-0.0034,-0.1315,0.051,0.0084,-0.1281,0.0641,0.078,-0.0955
KOSPI,2023,3,3,0.0844,-0.005,0.0265,0.01,0.0302,-0.005,0.0266,-0.029,-0.0357,-0.0759,0.113,0.0473
KOSPI,2024,4,4,-0.0596,0.0582,0.0395,-0.0199,-0.0206,0.0612,-0.0097,-0.0348,-0.0303,-0.0143,-0.0392,-0.023
KOSPI,2025,1,5,0.0491,0.0061,-0.0204,0.0304,0.0552,0.1386,0.0566,-0.0183,0.0749,0.1994,-0.044,0.0732
KOSPI,2026,2,6,0.2397,0.1952,-0.1908,0.3061,0.2845,0.0,-0.2219,0.034,,,,
KOSDAQ,1997,1,5,,-0.0202,0.0179,0.04,0.0441,0.0176,0.0002,0.0066,-0.0095,-0.0927,-0.0882,-0.1144
KOSDAQ,1998,2,6,0.0604,0.0015,-0.002,-0.1209,-0.1359,-0.0462,-0.0651,-0.0867,-0.0428,0.0477,0.003,0.1723
KOSDAQ,1999,3,7,0.013,-0.0507,0.1036,0.4927,0.2215,0.2342,0.0747,0.0414,-0.2182,0.1417,0.2777,0.1175
KOSDAQ,2000,4,8,-0.2568,0.3992,-0.1693,-0.2851,-0.0887,0.0535,-0.2375,-0.0623,-0.1696,-0.1718,-0.0994,-0.2183
KOSDAQ,2001,1,1,0.6044,-0.0901,-0.1085,0.154,0.0301,-0.0551,-0.1142,-0.0918,-0.1649,0.2113,0.1274,0.024
KOSDAQ,2002,2,2,0.0713,0.0175,0.1781,-0.2091,-0.0485,-0.128,-0.0366,0.0084,-0.2098,0.0287,0.0801,-0.1453
KOSDAQ,2003,3,3,-0.0219,-0.0371,-0.096,0.1332,0.1023,0.0545,-0.0084,0.0043,-0.0945,0.0339,-0.0116,-0.0212
KOSDAQ,2004,4,4,-0.0162,-0.0289,0.0128,0.0445,-0.1159,-0.0393,-0.1401,0.0738,0.0181,-0.0139,0.0459,0.0185
KOSDAQ,2005,1,5,0.2435,0.0538,-0.087,-0.0673,0.1109,0.0673,0.0864,-0.0782,0.1349,0.0271,0.2127,-0.0149
KOSDAQ,2006,2,6,-0.0165,-0.0114,-0.0251,0.0304,-0.0802,-0.0632,-0.0559,0.0272,0.0482,-0.0238,0.0615,-0.0257
KOSDAQ,2007,3,7,-0.0491,0.0426,0.08,0.0414,0.1065,0.0412,0.0422,-0.0448,0.0251,0.0195,-0.0842,-0.0507
KOSDAQ,2008,4,8,-0.1355,0.0774,-0.0175,0.004,0.0079,-0.095,-0.086,-0.1282,-0.0627,-0.3012,-0.0018,0.0799
KOSDAQ,2009,1,1,0.0989,-0.0046,0.1603,0.1887,0.0555,-0.0825,0.0396,0.0205,-0.017,-0.0385,-0.0455,0.1061
KOSDAQ,2010,2,2,-0.0331,0.0211,0.0172,0.0155,-0.0655,0.0011,-0.0174,-0.0348,0.0603,0.0684,-0.0533,0.0247
KOSDAQ,2011,3,3,0.0209,-0.0325,0.0415,-0.0274,-0.0518,-0.0103,0.1178,-0.0795,-0.0887,0.0912,0.0043,0.015
KOSDAQ,2012,4,4,0.0276,0.0551,-0.0419,-0.0783,-0.0145,0.0365,-0.0441,0.0871,0.0304,-0.0295,-0.0176,-0.0061
KOSDAQ,2013,1,5,0.0148,0.0639,0.0357,0.0159,0.0248,-0.1018,0.0679,-0.0678,0.0351,-0.0046,-0.0289,-0.033
KOSDAQ,2014,2,6,0.0304,0.0267,0.0239,0.0328,-0.0229,-0.0173,-0.0014,0.0632,0.0053,-0.0253,-0.0244,-0.0039
KOSDAQ,2015,3,7,0.0895,0.0557,0.0415,0.0592,0.0325,0.0434,-0.0232,-0.0523,-0.0126,0.0076,0.0069,-0.0088
KOSDAQ,2016,4,8,0.0007,-0.0457,0.0564,0.0165,-0.0019,-0.0334,0.0461,-0.0602,0.0264,-0.083,-0.0457,0.0593
KOSDAQ,2017,1,1,-0.0242,-0.0064,0.0116,0.0145,0.0379,0.0261,-0.0278,0.0113,-0.0076,0.0634,0.1112,0.035
KOSDAQ,2018,2,2,0.1442,-0.0619,0.0164,0.0056,0.0042,-0.0698,-0.0522,0.0534,0.0065,-0.2111,0.0726,-0.0289
KOSDAQ,2019,3,3,0.061,0.0201,-0.0027,0.0349,-0.0772,-0.0085,-0.0874,-0.0311,0.0184,0.0591,-0.0388,0.0582
KOSDAQ,2020,4,4,-0.0408,-0.0494,-0.0682,0.1337,0.1062,0.034,0.1048,0.0404,-0.0001,-0.0654,0.1179,0.0929
KOSDAQ,2021,1,1,-0.041,-0.0159,0.0462,0.0285,-0.0017,0.0491,0.0011,0.007,-0.0338,-0.0109,-0.0269,0.0708
KOSDAQ,2022,2,2,-0.1558,0.0094,0.072,-0.0421,-0.0126,-0.1656,0.078,0.0043,-0.1665,0.0337,0.0492,-0.0689
KOSDAQ,2023,3,3,0.0901,0.069,0.0706,-0.0055,0.0167,0.0132,0.078,-0.0081,-0.0941,-0.1248,0.1298,0.042
KOSDAQ,2024,4,4,-0.0777,0.0797,0.0493,-0.0404,-0.0333,0.0005,-0.0444,-0.0442,-0.0049,-0.0273,-0.0873,0.0
KOSDAQ,2025,1,5,0.0739,0.0215,-0.0956,0.066,0.0239,0.0642,0.0304,-0.0103,0.0566,0.0694,0.0136,0.014
KOSDAQ,2026,2,6,0.242,0.0377,-0.1177,0.133,-0.0986,-0.1476,-0.2144,0.1591,,,,
